FECHA HECHO,COD_DEPTO,DEPARTAMENTO,COD_MUNI,MUNICIPIO,DESCRIPCION CONDUCTA,CANTIDAD
02/10/2003 12:00:00 AM,25,CUNDINAMARCA,25151,CAQUEZA,ARTICULO 261. USURPACION DE TIERRAS,2
06/03/2003 12:00:00 AM,25,CUNDINAMARCA,25599,APULO,ARTICULO 261. USURPACION DE TIERRAS,2
07/13/2003 12:00:00 AM,25,CUNDINAMARCA,25307,GIRARDOT,ARTICULO 261. USURPACION DE TIERRAS,2
08/19/2003 12:00:00 AM,25,CUNDINAMARCA,25885,YACOPI,ARTICULO 261. USURPACION DE TIERRAS,2
04/28/2005 12:00:00 AM,25,CUNDINAMARCA,25307,GIRARDOT,ARTICULO 263. INVASION DE TIERRA O EDIFICACIONES,1
07/22/2005 12:00:00 AM,25,CUNDINAMARCA,25754,SOACHA,ARTICULO 263. INVASION DE TIERRA O EDIFICACIONES,1
02/23/2006 12:00:00 AM,25,CUNDINAMARCA,25183,CHOCONTA,ARTICULO 263. INVASION DE TIERRA O EDIFICACIONES,1
02/23/2006 12:00:00 AM,25,CUNDINAMARCA,25718,SASAIMA,ARTICULO 261. USURPACION DE TIERRAS,1
03/01/2006 12:00:00 AM,25,CUNDINAMARCA,25488,NILO,ARTICULO 263. INVASION DE TIERRA O EDIFICACIONES,1
03/04/2006 12:00:00 AM,25,CUNDINAMARCA,25797,TENA,ARTICULO 261. USURPACION DE TIERRAS,1
03/22/2006 12:00:00 AM,25,CUNDINAMARCA,25797,TENA,ARTICULO 261. USURPACION DE TIERRAS,1
05/11/2006 12:00:00 AM,25,CUNDINAMARCA,25841,UBAQUE,ARTICULO 261. USURPACION DE TIERRAS,1
05/23/2006 12:00:00 AM,25,CUNDINAMARCA,25797,TENA,ARTICULO 261. USURPACION DE TIERRAS,1
09/15/2006 12:00:00 AM,25,CUNDINAMARCA,25438,MEDINA,ARTICULO 263. INVASION DE TIERRA O EDIFICACIONES,1
09/22/2006 12:00:00 AM,25,CUNDINAMARCA,25754,SOACHA,ARTICULO 263. INVASION DE TIERRA O EDIFICACIONES,1
10/02/2006 12:00:00 AM,25,CUNDINAMARCA,25754,SOACHA,ARTICULO 263. INVASION DE TIERRA O EDIFICACIONES,1
10/07/2006 12:00:00 AM,25,CUNDINAMARCA,25754,SOACHA,ARTICULO 263. INVASION DE TIERRA O EDIFICACIONES,1
10/10/2006 12:00:00 AM,25,CUNDINAMARCA,25592,QUEBRADANEGRA,ARTICULO 263. INVASION DE TIERRA O EDIFICACIONES,1
10/11/2006 12:00:00 AM,25,CUNDINAMARCA,25754,SOACHA,ARTICULO 263. INVASION DE TIERRA O EDIFICACIONES,1
11/13/2006 12:00:00 AM,25,CUNDINAMARCA,25181,CHOACHI,ARTICULO 261. USURPACION DE TIERRAS,1
01/29/2007 12:00:00 AM,25,CUNDINAMARCA,25151,CAQUEZA,ARTICULO 263. INVASION DE TIERRA O EDIFICACIONES,1
03/14/2007 12:00:00 AM,25,CUNDINAMARCA,25151,CAQUEZA,ARTICULO 263. INVASION DE TIERRA O EDIFICACIONES,1
04/06/2007 12:00:00 AM,25,CUNDINAMARCA,25841,UBAQUE,ARTICULO 261. USURPACION DE TIERRAS,1
05/15/2007 12:00:00 AM,25,CUNDINAMARCA,25307,GIRARDOT,ARTICULO 263. INVASION DE TIERRA O EDIFICACIONES,1
08/09/2007 12:00:00 AM,25,CUNDINAMARCA,25307,GIRARDOT,ARTICULO 263. INVASION DE TIERRA O EDIFICACIONES,1
08/22/2007 12:00:00 AM,25,CUNDINAMARCA,25377,LA CALERA,ARTICULO 261. USURPACION DE TIERRAS,1
09/12/2007 12:00:00 AM,25,CUNDINAMARCA,25151,CAQUEZA,ARTICULO 263. INVASION DE TIERRA O EDIFICACIONES,1
09/17/2007 12:00:00 AM,25,CUNDINAMARCA,25151,CAQUEZA,ARTICULO 263. INVASION DE TIERRA O EDIFICACIONES,1
12/12/2007 12:00:00 AM,25,CUNDINAMARCA,25183,CHOCONTA,ARTICULO 261. USURPACION DE TIERRAS,1
01/20/2008 12:00:00 AM,25,CUNDINAMARCA,25286,FUNZA,ARTICULO 261. USURPACION DE TIERRAS,1
03/30/2008 12:00:00 AM,25,CUNDINAMARCA,25754,SOACHA,ARTICULO 263. INVASION DE TIERRA O EDIFICACIONES,1
04/23/2008 12:00:00 AM,25,CUNDINAMARCA,25035,ANAPOIMA,ARTICULO 263. INVASION DE TIERRA O EDIFICACIONES,1
01/06/2009 12:00:00 AM,25,CUNDINAMARCA,25754,SOACHA,ARTICULO 263. INVASION DE TIERRA O EDIFICACIONES,1
07/30/2009 12:00:00 AM,25,CUNDINAMARCA,25290,FUSAGASUGA,ARTICULO 263. INVASION DE TIERRA O EDIFICACIONES,1
08/21/2013 12:00:00 AM,25,CUNDINAMARCA,25307,GIRARDOT,ARTICULO 263. INVASION DE TIERRA O EDIFICACIONES,1
02/02/2014 12:00:00 AM,25,CUNDINAMARCA,25612,RICAURTE,ARTICULO 263. INVASION DE TIERRA O EDIFICACIONES,1
08/10/2015 12:00:00 AM,25,CUNDINAMARCA,25875,VILLETA,ARTICULO 263. INVASION DE TIERRA O EDIFICACIONES,1
08/26/2015 12:00:00 AM,25,CUNDINAMARCA,25438,MEDINA,ARTICULO 263. INVASION DE TIERRA O EDIFICACIONES,1
08/29/2015 12:00:00 AM,25,CUNDINAMARCA,25754,SOACHA,ARTICULO 263. INVASION DE TIERRA O EDIFICACIONES,1
09/03/2015 12:00:00 AM,25,CUNDINAMARCA,25126,CAJICA,ARTICULO 263. INVASION DE TIERRA O EDIFICACIONES,1
09/09/2015 12:00:00 AM,25,CUNDINAMARCA,25572,PUERTO SALGAR,ARTICULO 263. INVASION DE TIERRA O EDIFICACIONES,1
09/15/2015 12:00:00 AM,25,CUNDINAMARCA,25572,PUERTO SALGAR,ARTICULO 263. INVASION DE TIERRA O EDIFICACIONES,1
10/28/2015 12:00:00 AM,25,CUNDINAMARCA,25290,FUSAGASUGA,ARTICULO 263. INVASION DE TIERRA O EDIFICACIONES,1
11/10/2015 12:00:00 AM,25,CUNDINAMARCA,25473,MOSQUERA,ARTICULO 263. INVASION DE TIERRA O EDIFICACIONES,1
01/01/2016 12:00:00 AM,25,CUNDINAMARCA,25885,YACOPI,ARTICULO 263. INVASION DE TIERRA O EDIFICACIONES,1
01/02/2016 12:00:00 AM,25,CUNDINAMARCA,25040,ANOLAIMA,ARTICULO 263. INVASION DE TIERRA O EDIFICACIONES,1
01/05/2016 12:00:00 AM,25,CUNDINAMARCA,25754,SOACHA,ARTICULO 263. INVASION DE TIERRA O EDIFICACIONES,1
01/06/2016 12:00:00 AM,25,CUNDINAMARCA,25286,FUNZA,ARTICULO 263. INVASION DE TIERRA O EDIFICACIONES,1
01/07/2016 12:00:00 AM,25,CUNDINAMARCA,25290,FUSAGASUGA,ARTICULO 263. INVASION DE TIERRA O EDIFICACIONES,1
01/08/2016 12:00:00 AM,25,CUNDINAMARCA,25745,SIMIJACA,ARTICULO 263. INVASION DE TIERRA O EDIFICACIONES,1
01/13/2016 12:00:00 AM,25,CUNDINAMARCA,25307,GIRARDOT,ARTICULO 263. INVASION DE TIERRA O EDIFICACIONES,1
01/17/2016 12:00:00 AM,25,CUNDINAMARCA,25754,SOACHA,ARTICULO 263. INVASION DE TIERRA O EDIFICACIONES,1
01/19/2016 12:00:00 AM,25,CUNDINAMARCA,25001,AGUA DE DIOS,ARTICULO 263. INVASION DE TIERRA O EDIFICACIONES,1
01/23/2016 12:00:00 AM,25,CUNDINAMARCA,25154,CARMEN DE CARUPA,ARTICULO 263. INVASION DE TIERRA O EDIFICACIONES,1
01/26/2016 12:00:00 AM,25,CUNDINAMARCA,25754,SOACHA,ARTICULO 263. INVASION DE TIERRA O EDIFICACIONES,1
01/29/2016 12:00:00 AM,25,CUNDINAMARCA,25035,ANAPOIMA,ARTICULO 263. INVASION DE TIERRA O EDIFICACIONES,1
02/01/2016 12:00:00 AM,25,CUNDINAMARCA,25307,GIRARDOT,ARTICULO 263. INVASION DE TIERRA O EDIFICACIONES,1
02/03/2016 12:00:00 AM,25,CUNDINAMARCA,25288,FUQUENE,ARTICULO 263. INVASION DE TIERRA O EDIFICACIONES,1
02/04/2016 12:00:00 AM,25,CUNDINAMARCA,25488,NILO,ARTICULO 261. USURPACION DE TIERRAS,1
02/10/2016 12:00:00 AM,25,CUNDINAMARCA,25200,COGUA,ARTICULO 263. INVASION DE TIERRA O EDIFICACIONES,1
02/10/2016 12:00:00 AM,25,CUNDINAMARCA,25572,PUERTO SALGAR,ARTICULO 263. INVASION DE TIERRA O EDIFICACIONES,1
02/12/2016 12:00:00 AM,25,CUNDINAMARCA,25307,GIRARDOT,ARTICULO 263. INVASION DE TIERRA O EDIFICACIONES,1
02/12/2016 12:00:00 AM,25,CUNDINAMARCA,25377,LA CALERA,ARTICULO 263. INVASION DE TIERRA O EDIFICACIONES,1
02/12/2016 12:00:00 AM,25,CUNDINAMARCA,25843,VILLA DE SAN DIEGO DE UBATE,ARTICULO 263. INVASION DE TIERRA O EDIFICACIONES,1
02/15/2016 12:00:00 AM,25,CUNDINAMARCA,25269,FACATATIVA,ARTICULO 263. INVASION DE TIERRA O EDIFICACIONES,1
02/15/2016 12:00:00 AM,25,CUNDINAMARCA,25290,FUSAGASUGA,ARTICULO 263. INVASION DE TIERRA O EDIFICACIONES,1
02/15/2016 12:00:00 AM,25,CUNDINAMARCA,25386,LA MESA,ARTICULO 263. INVASION DE TIERRA O EDIFICACIONES,1
02/15/2016 12:00:00 AM,25,CUNDINAMARCA,25805,TIBACUY,ARTICULO 263. INVASION DE TIERRA O EDIFICACIONES,1
02/18/2016 12:00:00 AM,25,CUNDINAMARCA,25899,ZIPAQUIRA,ARTICULO 263. INVASION DE TIERRA O EDIFICACIONES,1
02/22/2016 12:00:00 AM,25,CUNDINAMARCA,25402,LA VEGA,ARTICULO 263. INVASION DE TIERRA O EDIFICACIONES,1
02/24/2016 12:00:00 AM,25,CUNDINAMARCA,25290,FUSAGASUGA,ARTICULO 263. INVASION DE TIERRA O EDIFICACIONES,1
03/01/2016 12:00:00 AM,25,CUNDINAMARCA,25035,ANAPOIMA,ARTICULO 263. INVASION DE TIERRA O EDIFICACIONES,1
03/01/2016 12:00:00 AM,25,CUNDINAMARCA,25754,SOACHA,ARTICULO 263. INVASION DE TIERRA O EDIFICACIONES,1
03/03/2016 12:00:00 AM,25,CUNDINAMARCA,25754,SOACHA,ARTICULO 263. INVASION DE TIERRA O EDIFICACIONES,1
03/03/2016 12:00:00 AM,25,CUNDINAMARCA,25797,TENA,ARTICULO 261. USURPACION DE TIERRAS,1
03/07/2016 12:00:00 AM,25,CUNDINAMARCA,25612,RICAURTE,ARTICULO 263. INVASION DE TIERRA O EDIFICACIONES,1
03/11/2016 12:00:00 AM,25,CUNDINAMARCA,25386,LA MESA,ARTICULO 261. USURPACION DE TIERRAS,1
03/12/2016 12:00:00 AM,25,CUNDINAMARCA,25612,RICAURTE,ARTICULO 263. INVASION DE TIERRA O EDIFICACIONES,1
03/13/2016 12:00:00 AM,25,CUNDINAMARCA,25843,VILLA DE SAN DIEGO DE UBATE,ARTICULO 261. USURPACION DE TIERRAS,1
03/16/2016 12:00:00 AM,25,CUNDINAMARCA,25430,MADRID,ARTICULO 263. INVASION DE TIERRA O EDIFICACIONES,1
03/22/2016 12:00:00 AM,25,CUNDINAMARCA,25269,FACATATIVA,ARTICULO 263. INVASION DE TIERRA O EDIFICACIONES,1
03/23/2016 12:00:00 AM,25,CUNDINAMARCA,25398,LA PEÑA,ARTICULO 263. INVASION DE TIERRA O EDIFICACIONES,1
03/30/2016 12:00:00 AM,25,CUNDINAMARCA,25572,PUERTO SALGAR,ARTICULO 263. INVASION DE TIERRA O EDIFICACIONES,1
04/13/2016 12:00:00 AM,25,CUNDINAMARCA,25754,SOACHA,ARTICULO 263. INVASION DE TIERRA O EDIFICACIONES,1
04/14/2016 12:00:00 AM,25,CUNDINAMARCA,25754,SOACHA,ARTICULO 263. INVASION DE TIERRA O EDIFICACIONES,1
04/15/2016 12:00:00 AM,25,CUNDINAMARCA,25754,SOACHA,ARTICULO 263. INVASION DE TIERRA O EDIFICACIONES,1
04/16/2016 12:00:00 AM,25,CUNDINAMARCA,25513,PACHO,ARTICULO 261. USURPACION DE TIERRAS,1
04/17/2016 12:00:00 AM,25,CUNDINAMARCA,25754,SOACHA,ARTICULO 263. INVASION DE TIERRA O EDIFICACIONES,1
04/22/2016 12:00:00 AM,25,CUNDINAMARCA,25307,GIRARDOT,ARTICULO 263. INVASION DE TIERRA O EDIFICACIONES,1
04/22/2016 12:00:00 AM,25,CUNDINAMARCA,25878,VIOTA,ARTICULO 261. USURPACION DE TIERRAS,1
04/23/2016 12:00:00 AM,25,CUNDINAMARCA,25307,GIRARDOT,ARTICULO 263. INVASION DE TIERRA O EDIFICACIONES,1
04/25/2016 12:00:00 AM,25,CUNDINAMARCA,25001,AGUA DE DIOS,ARTICULO 261. USURPACION DE TIERRAS,1
04/27/2016 12:00:00 AM,25,CUNDINAMARCA,25805,TIBACUY,ARTICULO 263. INVASION DE TIERRA O EDIFICACIONES,1
04/28/2016 12:00:00 AM,25,CUNDINAMARCA,25307,GIRARDOT,ARTICULO 263. INVASION DE TIERRA O EDIFICACIONES,1
05/03/2016 12:00:00 AM,25,CUNDINAMARCA,25339,GUTIERREZ,ARTICULO 263. INVASION DE TIERRA O EDIFICACIONES,1
05/06/2016 12:00:00 AM,25,CUNDINAMARCA,25175,CHIA,ARTICULO 263. INVASION DE TIERRA O EDIFICACIONES,1
05/07/2016 12:00:00 AM,25,CUNDINAMARCA,25612,RICAURTE,ARTICULO 263. INVASION DE TIERRA O EDIFICACIONES,1
05/07/2016 12:00:00 AM,25,CUNDINAMARCA,25612,RICAURTE,ARTICULO 263. INVASION DE TIERRA O EDIFICACIONES,1
05/07/2016 12:00:00 AM,25,CUNDINAMARCA,25805,TIBACUY,ARTICULO 261. USURPACION DE TIERRAS,1
05/08/2016 12:00:00 AM,25,CUNDINAMARCA,25754,SOACHA,ARTICULO 263. INVASION DE TIERRA O EDIFICACIONES,1
05/12/2016 12:00:00 AM,25,CUNDINAMARCA,25817,TOCANCIPA,ARTICULO 263. INVASION DE TIERRA O EDIFICACIONES,1
05/16/2016 12:00:00 AM,25,CUNDINAMARCA,25875,VILLETA,ARTICULO 263. INVASION DE TIERRA O EDIFICACIONES,1
05/18/2016 12:00:00 AM,25,CUNDINAMARCA,25875,VILLETA,ARTICULO 263. INVASION DE TIERRA O EDIFICACIONES,1
05/23/2016 12:00:00 AM,25,CUNDINAMARCA,25398,LA PEÑA,ARTICULO 263. INVASION DE TIERRA O EDIFICACIONES,1
05/28/2016 12:00:00 AM,25,CUNDINAMARCA,25649,SAN BERNARDO,ARTICULO 263. INVASION DE TIERRA O EDIFICACIONES,1
05/30/2016 12:00:00 AM,25,CUNDINAMARCA,25181,CHOACHI,ARTICULO 263. INVASION DE TIERRA O EDIFICACIONES,1
05/31/2016 12:00:00 AM,25,CUNDINAMARCA,25288,FUQUENE,ARTICULO 263. INVASION DE TIERRA O EDIFICACIONES,1
05/31/2016 12:00:00 AM,25,CUNDINAMARCA,25754,SOACHA,ARTICULO 263. INVASION DE TIERRA O EDIFICACIONES,1
06/01/2016 12:00:00 AM,25,CUNDINAMARCA,25290,FUSAGASUGA,ARTICULO 263. INVASION DE TIERRA O EDIFICACIONES,1
06/01/2016 12:00:00 AM,25,CUNDINAMARCA,25290,FUSAGASUGA,ARTICULO 263. INVASION DE TIERRA O EDIFICACIONES,1
06/01/2016 12:00:00 AM,25,CUNDINAMARCA,25290,FUSAGASUGA,ARTICULO 263. INVASION DE TIERRA O EDIFICACIONES,1
06/02/2016 12:00:00 AM,25,CUNDINAMARCA,25612,RICAURTE,ARTICULO 263. INVASION DE TIERRA O EDIFICACIONES,1
06/04/2016 12:00:00 AM,25,CUNDINAMARCA,25843,VILLA DE SAN DIEGO DE UBATE,ARTICULO 263. INVASION DE TIERRA O EDIFICACIONES,1
06/08/2016 12:00:00 AM,25,CUNDINAMARCA,25326,GUATAVITA,ARTICULO 263. INVASION DE TIERRA O EDIFICACIONES,1
06/10/2016 12:00:00 AM,25,CUNDINAMARCA,25290,FUSAGASUGA,ARTICULO 263. INVASION DE TIERRA O EDIFICACIONES,1
06/13/2016 12:00:00 AM,25,CUNDINAMARCA,25754,SOACHA,ARTICULO 263. INVASION DE TIERRA O EDIFICACIONES,1
06/13/2016 12:00:00 AM,25,CUNDINAMARCA,25885,YACOPI,ARTICULO 263. INVASION DE TIERRA O EDIFICACIONES,1
06/16/2016 12:00:00 AM,25,CUNDINAMARCA,25754,SOACHA,ARTICULO 263. INVASION DE TIERRA O EDIFICACIONES,1
06/17/2016 12:00:00 AM,25,CUNDINAMARCA,25572,PUERTO SALGAR,ARTICULO 263. INVASION DE TIERRA O EDIFICACIONES,1
06/18/2016 12:00:00 AM,25,CUNDINAMARCA,25793,TAUSA,ARTICULO 261. USURPACION DE TIERRAS,1
06/19/2016 12:00:00 AM,25,CUNDINAMARCA,25572,PUERTO SALGAR,ARTICULO 263. INVASION DE TIERRA O EDIFICACIONES,1
06/22/2016 12:00:00 AM,25,CUNDINAMARCA,25875,VILLETA,ARTICULO 261. USURPACION DE TIERRAS,1
06/24/2016 12:00:00 AM,25,CUNDINAMARCA,25290,FUSAGASUGA,ARTICULO 263. INVASION DE TIERRA O EDIFICACIONES,1
06/26/2016 12:00:00 AM,25,CUNDINAMARCA,25754,SOACHA,ARTICULO 263. INVASION DE TIERRA O EDIFICACIONES,1
07/01/2016 12:00:00 AM,25,CUNDINAMARCA,25754,SOACHA,ARTICULO 263. INVASION DE TIERRA O EDIFICACIONES,1
07/01/2016 12:00:00 AM,25,CUNDINAMARCA,25873,VILLAPINZON,ARTICULO 261. USURPACION DE TIERRAS,1
07/04/2016 12:00:00 AM,25,CUNDINAMARCA,25754,SOACHA,ARTICULO 263. INVASION DE TIERRA O EDIFICACIONES,1
07/10/2016 12:00:00 AM,25,CUNDINAMARCA,25290,FUSAGASUGA,ARTICULO 263. INVASION DE TIERRA O EDIFICACIONES,1
07/11/2016 12:00:00 AM,25,CUNDINAMARCA,25245,EL COLEGIO,ARTICULO 263. INVASION DE TIERRA O EDIFICACIONES,1
07/13/2016 12:00:00 AM,25,CUNDINAMARCA,25286,FUNZA,ARTICULO 263. INVASION DE TIERRA O EDIFICACIONES,1
07/16/2016 12:00:00 AM,25,CUNDINAMARCA,25290,FUSAGASUGA,ARTICULO 263. INVASION DE TIERRA O EDIFICACIONES,1
07/17/2016 12:00:00 AM,25,CUNDINAMARCA,25307,GIRARDOT,ARTICULO 261. USURPACION DE TIERRAS,1
08/02/2016 12:00:00 AM,25,CUNDINAMARCA,25175,CHIA,ARTICULO 263. INVASION DE TIERRA O EDIFICACIONES,1
08/03/2016 12:00:00 AM,25,CUNDINAMARCA,25754,SOACHA,ARTICULO 261. USURPACION DE TIERRAS,1
08/03/2016 12:00:00 AM,25,CUNDINAMARCA,25815,TOCAIMA,ARTICULO 263. INVASION DE TIERRA O EDIFICACIONES,1
08/08/2016 12:00:00 AM,25,CUNDINAMARCA,25754,SOACHA,ARTICULO 263. INVASION DE TIERRA O EDIFICACIONES,1
08/16/2016 12:00:00 AM,25,CUNDINAMARCA,25290,FUSAGASUGA,ARTICULO 261. USURPACION DE TIERRAS,1
08/20/2016 12:00:00 AM,25,CUNDINAMARCA,25290,FUSAGASUGA,ARTICULO 263. INVASION DE TIERRA O EDIFICACIONES,1
08/20/2016 12:00:00 AM,25,CUNDINAMARCA,25290,FUSAGASUGA,ARTICULO 263. INVASION DE TIERRA O EDIFICACIONES,1
08/24/2016 12:00:00 AM,25,CUNDINAMARCA,25297,GACHETA,ARTICULO 263. INVASION DE TIERRA O EDIFICACIONES,1
08/25/2016 12:00:00 AM,25,CUNDINAMARCA,25899,ZIPAQUIRA,ARTICULO 261. USURPACION DE TIERRAS,1
09/06/2016 12:00:00 AM,25,CUNDINAMARCA,25754,SOACHA,ARTICULO 263. INVASION DE TIERRA O EDIFICACIONES,1
09/13/2016 12:00:00 AM,25,CUNDINAMARCA,25758,SOPO,ARTICULO 263. INVASION DE TIERRA O EDIFICACIONES,1
09/17/2016 12:00:00 AM,25,CUNDINAMARCA,25307,GIRARDOT,ARTICULO 261. USURPACION DE TIERRAS,1
09/18/2016 12:00:00 AM,25,CUNDINAMARCA,25307,GIRARDOT,ARTICULO 263. INVASION DE TIERRA O EDIFICACIONES,1
09/21/2016 12:00:00 AM,25,CUNDINAMARCA,25599,APULO,ARTICULO 263. INVASION DE TIERRA O EDIFICACIONES,1
09/22/2016 12:00:00 AM,25,CUNDINAMARCA,25175,CHIA,ARTICULO 263. INVASION DE TIERRA O EDIFICACIONES,1
09/29/2016 12:00:00 AM,25,CUNDINAMARCA,25572,PUERTO SALGAR,ARTICULO 263. INVASION DE TIERRA O EDIFICACIONES,1
10/04/2016 12:00:00 AM,25,CUNDINAMARCA,25530,PARATEBUENO,ARTICULO 261. USURPACION DE TIERRAS,1
10/13/2016 12:00:00 AM,25,CUNDINAMARCA,25535,PASCA,ARTICULO 263. INVASION DE TIERRA O EDIFICACIONES,1
10/24/2016 12:00:00 AM,25,CUNDINAMARCA,25898,ZIPACON,ARTICULO 261. USURPACION DE TIERRAS,1
10/27/2016 12:00:00 AM,25,CUNDINAMARCA,25168,CHAGUANI,ARTICULO 261. USURPACION DE TIERRAS,1
11/01/2016 12:00:00 AM,25,CUNDINAMARCA,25743,SILVANIA,ARTICULO 263. INVASION DE TIERRA O EDIFICACIONES,1
11/05/2016 12:00:00 AM,25,CUNDINAMARCA,25019,ALBAN,ARTICULO 263. INVASION DE TIERRA O EDIFICACIONES,1
11/10/2016 12:00:00 AM,25,CUNDINAMARCA,25815,TOCAIMA,ARTICULO 261. USURPACION DE TIERRAS,1
11/11/2016 12:00:00 AM,25,CUNDINAMARCA,25743,SILVANIA,ARTICULO 263. INVASION DE TIERRA O EDIFICACIONES,1
11/15/2016 12:00:00 AM,25,CUNDINAMARCA,25740,SIBATE,ARTICULO 263. INVASION DE TIERRA O EDIFICACIONES,1
11/19/2016 12:00:00 AM,25,CUNDINAMARCA,25572,PUERTO SALGAR,ARTICULO 263. INVASION DE TIERRA O EDIFICACIONES,1
11/21/2016 12:00:00 AM,25,CUNDINAMARCA,25612,RICAURTE,ARTICULO 261. USURPACION DE TIERRAS,1
11/21/2016 12:00:00 AM,25,CUNDINAMARCA,25817,TOCANCIPA,ARTICULO 263. INVASION DE TIERRA O EDIFICACIONES,1
11/24/2016 12:00:00 AM,25,CUNDINAMARCA,25572,PUERTO SALGAR,ARTICULO 263. INVASION DE TIERRA O EDIFICACIONES,1
11/25/2016 12:00:00 AM,25,CUNDINAMARCA,25290,FUSAGASUGA,ARTICULO 263. INVASION DE TIERRA O EDIFICACIONES,1
11/26/2016 12:00:00 AM,25,CUNDINAMARCA,25290,FUSAGASUGA,ARTICULO 263. INVASION DE TIERRA O EDIFICACIONES,1
11/29/2016 12:00:00 AM,25,CUNDINAMARCA,25245,EL COLEGIO,ARTICULO 263. INVASION DE TIERRA O EDIFICACIONES,1
11/30/2016 12:00:00 AM,25,CUNDINAMARCA,25290,FUSAGASUGA,ARTICULO 263. INVASION DE TIERRA O EDIFICACIONES,1
12/01/2016 12:00:00 AM,25,CUNDINAMARCA,25040,ANOLAIMA,ARTICULO 263. INVASION DE TIERRA O EDIFICACIONES,1
12/01/2016 12:00:00 AM,25,CUNDINAMARCA,25200,COGUA,ARTICULO 261. USURPACION DE TIERRAS,1
12/01/2016 12:00:00 AM,25,CUNDINAMARCA,25815,TOCAIMA,ARTICULO 261. USURPACION DE TIERRAS,1
12/11/2016 12:00:00 AM,25,CUNDINAMARCA,25386,LA MESA,ARTICULO 263. INVASION DE TIERRA O EDIFICACIONES,1
12/13/2016 12:00:00 AM,25,CUNDINAMARCA,25645,SAN ANTONIO DEL TEQUENDAMA,ARTICULO 263. INVASION DE TIERRA O EDIFICACIONES,1
12/14/2016 12:00:00 AM,25,CUNDINAMARCA,25596,QUIPILE,ARTICULO 263. INVASION DE TIERRA O EDIFICACIONES,1
12/18/2016 12:00:00 AM,25,CUNDINAMARCA,25307,GIRARDOT,ARTICULO 263. INVASION DE TIERRA O EDIFICACIONES,1
12/30/2016 12:00:00 AM,25,CUNDINAMARCA,25754,SOACHA,ARTICULO 263. INVASION DE TIERRA O EDIFICACIONES,1
01/02/2017 12:00:00 AM,25,CUNDINAMARCA,25754,SOACHA,ARTICULO 263. INVASION DE TIERRA O EDIFICACIONES,1
01/06/2017 12:00:00 AM,25,CUNDINAMARCA,25175,CHIA,ARTICULO 263. INVASION DE TIERRA O EDIFICACIONES,1
01/08/2017 12:00:00 AM,25,CUNDINAMARCA,25377,LA CALERA,ARTICULO 263. INVASION DE TIERRA O EDIFICACIONES,1
01/11/2017 12:00:00 AM,25,CUNDINAMARCA,25612,RICAURTE,ARTICULO 263. INVASION DE TIERRA O EDIFICACIONES,1
01/11/2017 12:00:00 AM,25,CUNDINAMARCA,25797,TENA,ARTICULO 261. USURPACION DE TIERRAS,1
01/16/2017 12:00:00 AM,25,CUNDINAMARCA,25718,SASAIMA,ARTICULO 261. USURPACION DE TIERRAS,1
01/16/2017 12:00:00 AM,25,CUNDINAMARCA,25797,TENA,ARTICULO 261. USURPACION DE TIERRAS,1
01/18/2017 12:00:00 AM,25,CUNDINAMARCA,25754,SOACHA,ARTICULO 263. INVASION DE TIERRA O EDIFICACIONES,1
01/19/2017 12:00:00 AM,25,CUNDINAMARCA,25754,SOACHA,ARTICULO 263. INVASION DE TIERRA O EDIFICACIONES,1
01/29/2017 12:00:00 AM,25,CUNDINAMARCA,25290,FUSAGASUGA,ARTICULO 263. INVASION DE TIERRA O EDIFICACIONES,1
01/31/2017 12:00:00 AM,25,CUNDINAMARCA,25430,MADRID,ARTICULO 261. USURPACION DE TIERRAS,1
01/31/2017 12:00:00 AM,25,CUNDINAMARCA,25612,RICAURTE,ARTICULO 263. INVASION DE TIERRA O EDIFICACIONES,1
02/02/2017 12:00:00 AM,25,CUNDINAMARCA,25245,EL COLEGIO,ARTICULO 263. INVASION DE TIERRA O EDIFICACIONES,1
02/02/2017 12:00:00 AM,25,CUNDINAMARCA,25754,SOACHA,ARTICULO 263. INVASION DE TIERRA O EDIFICACIONES,1
02/06/2017 12:00:00 AM,25,CUNDINAMARCA,25754,SOACHA,ARTICULO 263. INVASION DE TIERRA O EDIFICACIONES,1
02/08/2017 12:00:00 AM,25,CUNDINAMARCA,25754,SOACHA,ARTICULO 263. INVASION DE TIERRA O EDIFICACIONES,1
02/12/2017 12:00:00 AM,25,CUNDINAMARCA,25307,GIRARDOT,ARTICULO 263. INVASION DE TIERRA O EDIFICACIONES,1
02/12/2017 12:00:00 AM,25,CUNDINAMARCA,25320,GUADUAS,ARTICULO 263. INVASION DE TIERRA O EDIFICACIONES,1
02/15/2017 12:00:00 AM,25,CUNDINAMARCA,25645,SAN ANTONIO DEL TEQUENDAMA,ARTICULO 263. INVASION DE TIERRA O EDIFICACIONES,1
02/17/2017 12:00:00 AM,25,CUNDINAMARCA,25035,ANAPOIMA,ARTICULO 261. USURPACION DE TIERRAS,1
02/18/2017 12:00:00 AM,25,CUNDINAMARCA,25295,GACHANCIPA,ARTICULO 263. INVASION DE TIERRA O EDIFICACIONES,1
02/28/2017 12:00:00 AM,25,CUNDINAMARCA,25322,GUASCA,ARTICULO 261. USURPACION DE TIERRAS,1
02/28/2017 12:00:00 AM,25,CUNDINAMARCA,25322,GUASCA,ARTICULO 261. USURPACION DE TIERRAS,1
03/01/2017 12:00:00 AM,25,CUNDINAMARCA,25596,QUIPILE,ARTICULO 263. INVASION DE TIERRA O EDIFICACIONES,1
03/05/2017 12:00:00 AM,25,CUNDINAMARCA,25612,RICAURTE,ARTICULO 263. INVASION DE TIERRA O EDIFICACIONES,1
03/08/2017 12:00:00 AM,25,CUNDINAMARCA,25754,SOACHA,ARTICULO 261. USURPACION DE TIERRAS,1
03/11/2017 12:00:00 AM,25,CUNDINAMARCA,25320,GUADUAS,ARTICULO 263. INVASION DE TIERRA O EDIFICACIONES,1
03/14/2017 12:00:00 AM,25,CUNDINAMARCA,25473,MOSQUERA,ARTICULO 263. INVASION DE TIERRA O EDIFICACIONES,1
03/27/2017 12:00:00 AM,25,CUNDINAMARCA,25290,FUSAGASUGA,ARTICULO 263. INVASION DE TIERRA O EDIFICACIONES,1
03/30/2017 12:00:00 AM,25,CUNDINAMARCA,25181,CHOACHI,ARTICULO 263. INVASION DE TIERRA O EDIFICACIONES,1
03/30/2017 12:00:00 AM,25,CUNDINAMARCA,25183,CHOCONTA,ARTICULO 261. USURPACION DE TIERRAS,1
04/01/2017 12:00:00 AM,25,CUNDINAMARCA,25426,MACHETA,ARTICULO 263. INVASION DE TIERRA O EDIFICACIONES,1
04/02/2017 12:00:00 AM,25,CUNDINAMARCA,25805,TIBACUY,ARTICULO 263. INVASION DE TIERRA O EDIFICACIONES,1
04/05/2017 12:00:00 AM,25,CUNDINAMARCA,25740,SIBATE,ARTICULO 263. INVASION DE TIERRA O EDIFICACIONES,1
04/11/2017 12:00:00 AM,25,CUNDINAMARCA,25269,FACATATIVA,ARTICULO 263. INVASION DE TIERRA O EDIFICACIONES,1
04/12/2017 12:00:00 AM,25,CUNDINAMARCA,25307,GIRARDOT,ARTICULO 263. INVASION DE TIERRA O EDIFICACIONES,1
04/13/2017 12:00:00 AM,25,CUNDINAMARCA,25817,TOCANCIPA,ARTICULO 263. INVASION DE TIERRA O EDIFICACIONES,1
04/15/2017 12:00:00 AM,25,CUNDINAMARCA,25754,SOACHA,ARTICULO 263. INVASION DE TIERRA O EDIFICACIONES,1
04/17/2017 12:00:00 AM,25,CUNDINAMARCA,25572,PUERTO SALGAR,ARTICULO 263. INVASION DE TIERRA O EDIFICACIONES,1
04/21/2017 12:00:00 AM,25,CUNDINAMARCA,25307,GIRARDOT,ARTICULO 261. USURPACION DE TIERRAS,1
04/24/2017 12:00:00 AM,25,CUNDINAMARCA,25658,SAN FRANCISCO,ARTICULO 261. USURPACION DE TIERRAS,1
04/25/2017 12:00:00 AM,25,CUNDINAMARCA,25181,CHOACHI,ARTICULO 263. INVASION DE TIERRA O EDIFICACIONES,1
04/28/2017 12:00:00 AM,25,CUNDINAMARCA,25491,NOCAIMA,ARTICULO 263. INVASION DE TIERRA O EDIFICACIONES,1
05/01/2017 12:00:00 AM,25,CUNDINAMARCA,25592,QUEBRADANEGRA,ARTICULO 263. INVASION DE TIERRA O EDIFICACIONES,1
05/03/2017 12:00:00 AM,25,CUNDINAMARCA,25290,FUSAGASUGA,ARTICULO 263. INVASION DE TIERRA O EDIFICACIONES,1
05/14/2017 12:00:00 AM,25,CUNDINAMARCA,25843,VILLA DE SAN DIEGO DE UBATE,ARTICULO 261. USURPACION DE TIERRAS,1
05/17/2017 12:00:00 AM,25,CUNDINAMARCA,25572,PUERTO SALGAR,ARTICULO 263. INVASION DE TIERRA O EDIFICACIONES,1
05/17/2017 12:00:00 AM,25,CUNDINAMARCA,25572,PUERTO SALGAR,ARTICULO 263. INVASION DE TIERRA O EDIFICACIONES,1
05/17/2017 12:00:00 AM,25,CUNDINAMARCA,25572,PUERTO SALGAR,ARTICULO 263. INVASION DE TIERRA O EDIFICACIONES,1
05/17/2017 12:00:00 AM,25,CUNDINAMARCA,25823,TOPAIPI,ARTICULO 261. USURPACION DE TIERRAS,1
05/26/2017 12:00:00 AM,25,CUNDINAMARCA,25307,GIRARDOT,ARTICULO 261. USURPACION DE TIERRAS,1
05/26/2017 12:00:00 AM,25,CUNDINAMARCA,25307,GIRARDOT,ARTICULO 261. USURPACION DE TIERRAS,1
05/27/2017 12:00:00 AM,25,CUNDINAMARCA,25754,SOACHA,ARTICULO 263. INVASION DE TIERRA O EDIFICACIONES,1
06/01/2017 12:00:00 AM,25,CUNDINAMARCA,25151,CAQUEZA,ARTICULO 261. USURPACION DE TIERRAS,1
06/01/2017 12:00:00 AM,25,CUNDINAMARCA,25839,UBALA,ARTICULO 263. INVASION DE TIERRA O EDIFICACIONES,1
06/10/2017 12:00:00 AM,25,CUNDINAMARCA,25841,UBAQUE,ARTICULO 263. INVASION DE TIERRA O EDIFICACIONES,1
06/14/2017 12:00:00 AM,25,CUNDINAMARCA,25245,EL COLEGIO,ARTICULO 263. INVASION DE TIERRA O EDIFICACIONES,1
06/15/2017 12:00:00 AM,25,CUNDINAMARCA,25754,SOACHA,ARTICULO 263. INVASION DE TIERRA O EDIFICACIONES,1
06/26/2017 12:00:00 AM,25,CUNDINAMARCA,25200,COGUA,ARTICULO 263. INVASION DE TIERRA O EDIFICACIONES,1
06/29/2017 12:00:00 AM,25,CUNDINAMARCA,25183,CHOCONTA,ARTICULO 263. INVASION DE TIERRA O EDIFICACIONES,1
06/30/2017 12:00:00 AM,25,CUNDINAMARCA,25320,GUADUAS,ARTICULO 261. USURPACION DE TIERRAS,1
07/17/2017 12:00:00 AM,25,CUNDINAMARCA,25290,FUSAGASUGA,ARTICULO 263. INVASION DE TIERRA O EDIFICACIONES,1
07/17/2017 12:00:00 AM,25,CUNDINAMARCA,25612,RICAURTE,ARTICULO 263. INVASION DE TIERRA O EDIFICACIONES,1
07/19/2017 12:00:00 AM,25,CUNDINAMARCA,25754,SOACHA,ARTICULO 263. INVASION DE TIERRA O EDIFICACIONES,1
07/22/2017 12:00:00 AM,25,CUNDINAMARCA,25297,GACHETA,ARTICULO 261. USURPACION DE TIERRAS,1
07/23/2017 12:00:00 AM,25,CUNDINAMARCA,25307,GIRARDOT,ARTICULO 261. USURPACION DE TIERRAS,1
07/23/2017 12:00:00 AM,25,CUNDINAMARCA,25873,VILLAPINZON,ARTICULO 263. INVASION DE TIERRA O EDIFICACIONES,1
07/26/2017 12:00:00 AM,25,CUNDINAMARCA,25307,GIRARDOT,ARTICULO 261. USURPACION DE TIERRAS,1
07/26/2017 12:00:00 AM,25,CUNDINAMARCA,25754,SOACHA,ARTICULO 261. USURPACION DE TIERRAS,1
07/26/2017 12:00:00 AM,25,CUNDINAMARCA,25754,SOACHA,ARTICULO 263. INVASION DE TIERRA O EDIFICACIONES,1
07/27/2017 12:00:00 AM,25,CUNDINAMARCA,25154,CARMEN DE CARUPA,ARTICULO 261. USURPACION DE TIERRAS,1
07/27/2017 12:00:00 AM,25,CUNDINAMARCA,25328,GUAYABAL DE SIQUIMA,ARTICULO 261. USURPACION DE TIERRAS,1
08/01/2017 12:00:00 AM,25,CUNDINAMARCA,25126,CAJICA,ARTICULO 263. INVASION DE TIERRA O EDIFICACIONES,1
08/04/2017 12:00:00 AM,25,CUNDINAMARCA,25899,ZIPAQUIRA,ARTICULO 261. USURPACION DE TIERRAS,1
08/12/2017 12:00:00 AM,25,CUNDINAMARCA,25386,LA MESA,ARTICULO 263. INVASION DE TIERRA O EDIFICACIONES,1
08/20/2017 12:00:00 AM,25,CUNDINAMARCA,25743,SILVANIA,ARTICULO 263. INVASION DE TIERRA O EDIFICACIONES,1
08/25/2017 12:00:00 AM,25,CUNDINAMARCA,25175,CHIA,ARTICULO 263. INVASION DE TIERRA O EDIFICACIONES,1
08/28/2017 12:00:00 AM,25,CUNDINAMARCA,25377,LA CALERA,ARTICULO 263. INVASION DE TIERRA O EDIFICACIONES,1
08/29/2017 12:00:00 AM,25,CUNDINAMARCA,25288,FUQUENE,ARTICULO 263. INVASION DE TIERRA O EDIFICACIONES,1
09/01/2017 12:00:00 AM,25,CUNDINAMARCA,25322,GUASCA,ARTICULO 263. INVASION DE TIERRA O EDIFICACIONES,1
09/01/2017 12:00:00 AM,25,CUNDINAMARCA,25754,SOACHA,ARTICULO 263. INVASION DE TIERRA O EDIFICACIONES,1
09/03/2017 12:00:00 AM,25,CUNDINAMARCA,25599,APULO,ARTICULO 263. INVASION DE TIERRA O EDIFICACIONES,1
09/03/2017 12:00:00 AM,25,CUNDINAMARCA,25181,CHOACHI,ARTICULO 261. USURPACION DE TIERRAS,1
09/08/2017 12:00:00 AM,25,CUNDINAMARCA,25754,SOACHA,ARTICULO 263. INVASION DE TIERRA O EDIFICACIONES,1
09/12/2017 12:00:00 AM,25,CUNDINAMARCA,25754,SOACHA,ARTICULO 263. INVASION DE TIERRA O EDIFICACIONES,1
09/16/2017 12:00:00 AM,25,CUNDINAMARCA,25843,VILLA DE SAN DIEGO DE UBATE,ARTICULO 261. USURPACION DE TIERRAS,1
09/18/2017 12:00:00 AM,25,CUNDINAMARCA,25754,SOACHA,ARTICULO 263. INVASION DE TIERRA O EDIFICACIONES,1
09/20/2017 12:00:00 AM,25,CUNDINAMARCA,25754,SOACHA,ARTICULO 263. INVASION DE TIERRA O EDIFICACIONES,1
09/20/2017 12:00:00 AM,25,CUNDINAMARCA,25754,SOACHA,ARTICULO 263. INVASION DE TIERRA O EDIFICACIONES,1
09/25/2017 12:00:00 AM,25,CUNDINAMARCA,25885,YACOPI,ARTICULO 263. INVASION DE TIERRA O EDIFICACIONES,1
09/29/2017 12:00:00 AM,25,CUNDINAMARCA,25785,TABIO,ARTICULO 263. INVASION DE TIERRA O EDIFICACIONES,1
10/02/2017 12:00:00 AM,25,CUNDINAMARCA,25269,FACATATIVA,ARTICULO 261. USURPACION DE TIERRAS,1
10/02/2017 12:00:00 AM,25,CUNDINAMARCA,25307,GIRARDOT,ARTICULO 263. INVASION DE TIERRA O EDIFICACIONES,1
10/02/2017 12:00:00 AM,25,CUNDINAMARCA,25377,LA CALERA,ARTICULO 263. INVASION DE TIERRA O EDIFICACIONES,1
10/07/2017 12:00:00 AM,25,CUNDINAMARCA,25489,NIMAIMA,ARTICULO 261. USURPACION DE TIERRAS,1
10/09/2017 12:00:00 AM,25,CUNDINAMARCA,25402,LA VEGA,ARTICULO 261. USURPACION DE TIERRAS,1
10/11/2017 12:00:00 AM,25,CUNDINAMARCA,25754,SOACHA,ARTICULO 263. INVASION DE TIERRA O EDIFICACIONES,1
10/16/2017 12:00:00 AM,25,CUNDINAMARCA,25386,LA MESA,ARTICULO 263. INVASION DE TIERRA O EDIFICACIONES,1
10/17/2017 12:00:00 AM,25,CUNDINAMARCA,25307,GIRARDOT,ARTICULO 263. INVASION DE TIERRA O EDIFICACIONES,1
10/20/2017 12:00:00 AM,25,CUNDINAMARCA,25386,LA MESA,ARTICULO 261. USURPACION DE TIERRAS,1
11/01/2017 12:00:00 AM,25,CUNDINAMARCA,25473,MOSQUERA,ARTICULO 263. INVASION DE TIERRA O EDIFICACIONES,1
11/03/2017 12:00:00 AM,25,CUNDINAMARCA,25491,NOCAIMA,ARTICULO 261. USURPACION DE TIERRAS,1
11/09/2017 12:00:00 AM,25,CUNDINAMARCA,25307,GIRARDOT,ARTICULO 263. INVASION DE TIERRA O EDIFICACIONES,1
11/11/2017 12:00:00 AM,25,CUNDINAMARCA,25513,PACHO,ARTICULO 261. USURPACION DE TIERRAS,1
11/15/2017 12:00:00 AM,25,CUNDINAMARCA,25040,ANOLAIMA,ARTICULO 263. INVASION DE TIERRA O EDIFICACIONES,1
11/17/2017 12:00:00 AM,25,CUNDINAMARCA,25297,GACHETA,ARTICULO 261. USURPACION DE TIERRAS,1
11/20/2017 12:00:00 AM,25,CUNDINAMARCA,25407,LENGUAZAQUE,ARTICULO 263. INVASION DE TIERRA O EDIFICACIONES,1
11/22/2017 12:00:00 AM,25,CUNDINAMARCA,25572,PUERTO SALGAR,ARTICULO 263. INVASION DE TIERRA O EDIFICACIONES,1
11/28/2017 12:00:00 AM,25,CUNDINAMARCA,25386,LA MESA,ARTICULO 263. INVASION DE TIERRA O EDIFICACIONES,1
12/03/2017 12:00:00 AM,25,CUNDINAMARCA,25181,CHOACHI,ARTICULO 263. INVASION DE TIERRA O EDIFICACIONES,1
12/05/2017 12:00:00 AM,25,CUNDINAMARCA,25754,SOACHA,ARTICULO 263. INVASION DE TIERRA O EDIFICACIONES,1
12/06/2017 12:00:00 AM,25,CUNDINAMARCA,25326,GUATAVITA,ARTICULO 261. USURPACION DE TIERRAS,1
12/15/2017 12:00:00 AM,25,CUNDINAMARCA,25754,SOACHA,ARTICULO 263. INVASION DE TIERRA O EDIFICACIONES,1
12/17/2017 12:00:00 AM,25,CUNDINAMARCA,25320,GUADUAS,ARTICULO 263. INVASION DE TIERRA O EDIFICACIONES,1
12/20/2017 12:00:00 AM,25,CUNDINAMARCA,25386,LA MESA,ARTICULO 263. INVASION DE TIERRA O EDIFICACIONES,1
12/21/2017 12:00:00 AM,25,CUNDINAMARCA,25035,ANAPOIMA,ARTICULO 263. INVASION DE TIERRA O EDIFICACIONES,1
12/21/2017 12:00:00 AM,25,CUNDINAMARCA,25175,CHIA,ARTICULO 263. INVASION DE TIERRA O EDIFICACIONES,1
12/21/2017 12:00:00 AM,25,CUNDINAMARCA,25269,FACATATIVA,ARTICULO 261. USURPACION DE TIERRAS,1
12/29/2017 12:00:00 AM,25,CUNDINAMARCA,25307,GIRARDOT,ARTICULO 263. INVASION DE TIERRA O EDIFICACIONES,1
01/04/2018 12:00:00 AM,25,CUNDINAMARCA,25612,RICAURTE,ARTICULO 261. USURPACION DE TIERRAS,1
01/06/2018 12:00:00 AM,25,CUNDINAMARCA,25754,SOACHA,ARTICULO 263. INVASION DE TIERRA O EDIFICACIONES,1
01/09/2018 12:00:00 AM,25,CUNDINAMARCA,25224,CUCUNUBA,ARTICULO 263. INVASION DE TIERRA O EDIFICACIONES,1
01/09/2018 12:00:00 AM,25,CUNDINAMARCA,25407,LENGUAZAQUE,ARTICULO 263. INVASION DE TIERRA O EDIFICACIONES,1
01/16/2018 12:00:00 AM,25,CUNDINAMARCA,25736,SESQUILE,ARTICULO 263. INVASION DE TIERRA O EDIFICACIONES,1
01/17/2018 12:00:00 AM,25,CUNDINAMARCA,25612,RICAURTE,ARTICULO 263. INVASION DE TIERRA O EDIFICACIONES,1
01/18/2018 12:00:00 AM,25,CUNDINAMARCA,25224,CUCUNUBA,ARTICULO 263. INVASION DE TIERRA O EDIFICACIONES,1
01/18/2018 12:00:00 AM,25,CUNDINAMARCA,25307,GIRARDOT,ARTICULO 263. INVASION DE TIERRA O EDIFICACIONES,1
01/19/2018 12:00:00 AM,25,CUNDINAMARCA,25599,APULO,ARTICULO 263. INVASION DE TIERRA O EDIFICACIONES,1
01/21/2018 12:00:00 AM,25,CUNDINAMARCA,25797,TENA,ARTICULO 261. USURPACION DE TIERRAS,1
01/23/2018 12:00:00 AM,25,CUNDINAMARCA,25175,CHIA,ARTICULO 261. USURPACION DE TIERRAS,1
01/25/2018 12:00:00 AM,25,CUNDINAMARCA,25175,CHIA,ARTICULO 263. INVASION DE TIERRA O EDIFICACIONES,1
01/30/2018 12:00:00 AM,25,CUNDINAMARCA,25286,FUNZA,ARTICULO 263. INVASION DE TIERRA O EDIFICACIONES,1
02/01/2018 12:00:00 AM,25,CUNDINAMARCA,25754,SOACHA,ARTICULO 263. INVASION DE TIERRA O EDIFICACIONES,1
02/01/2018 12:00:00 AM,25,CUNDINAMARCA,25817,TOCANCIPA,ARTICULO 263. INVASION DE TIERRA O EDIFICACIONES,1
02/03/2018 12:00:00 AM,25,CUNDINAMARCA,25148,CAPARRAPI,ARTICULO 263. INVASION DE TIERRA O EDIFICACIONES,1
02/04/2018 12:00:00 AM,25,CUNDINAMARCA,25183,CHOCONTA,ARTICULO 261. USURPACION DE TIERRAS,1
02/06/2018 12:00:00 AM,25,CUNDINAMARCA,25612,RICAURTE,ARTICULO 263. INVASION DE TIERRA O EDIFICACIONES,1
02/07/2018 12:00:00 AM,25,CUNDINAMARCA,25430,MADRID,ARTICULO 261. USURPACION DE TIERRAS,1
02/21/2018 12:00:00 AM,25,CUNDINAMARCA,25368,JERUSALEN,ARTICULO 261. USURPACION DE TIERRAS,1
02/25/2018 12:00:00 AM,25,CUNDINAMARCA,25851,UTICA,ARTICULO 263. INVASION DE TIERRA O EDIFICACIONES,1
02/28/2018 12:00:00 AM,25,CUNDINAMARCA,25402,LA VEGA,ARTICULO 261. USURPACION DE TIERRAS,1
03/10/2018 12:00:00 AM,25,CUNDINAMARCA,25754,SOACHA,ARTICULO 261. USURPACION DE TIERRAS,1
03/12/2018 12:00:00 AM,25,CUNDINAMARCA,25518,PAIME,ARTICULO 263. INVASION DE TIERRA O EDIFICACIONES,1
03/18/2018 12:00:00 AM,25,CUNDINAMARCA,25126,CAJICA,ARTICULO 263. INVASION DE TIERRA O EDIFICACIONES,1
03/29/2018 12:00:00 AM,25,CUNDINAMARCA,25873,VILLAPINZON,ARTICULO 263. INVASION DE TIERRA O EDIFICACIONES,1
04/05/2018 12:00:00 AM,25,CUNDINAMARCA,25815,TOCAIMA,ARTICULO 263. INVASION DE TIERRA O EDIFICACIONES,1
04/17/2018 12:00:00 AM,25,CUNDINAMARCA,25754,SOACHA,ARTICULO 263. INVASION DE TIERRA O EDIFICACIONES,1
04/18/2018 12:00:00 AM,25,CUNDINAMARCA,25307,GIRARDOT,ARTICULO 261. USURPACION DE TIERRAS,1
04/19/2018 12:00:00 AM,25,CUNDINAMARCA,25754,SOACHA,ARTICULO 263. INVASION DE TIERRA O EDIFICACIONES,1
04/21/2018 12:00:00 AM,25,CUNDINAMARCA,25386,LA MESA,ARTICULO 263. INVASION DE TIERRA O EDIFICACIONES,1
04/23/2018 12:00:00 AM,25,CUNDINAMARCA,25372,JUNIN,ARTICULO 261. USURPACION DE TIERRAS,1
04/24/2018 12:00:00 AM,25,CUNDINAMARCA,25875,VILLETA,ARTICULO 263. INVASION DE TIERRA O EDIFICACIONES,1
04/26/2018 12:00:00 AM,25,CUNDINAMARCA,25817,TOCANCIPA,ARTICULO 263. INVASION DE TIERRA O EDIFICACIONES,1
04/27/2018 12:00:00 AM,25,CUNDINAMARCA,25181,CHOACHI,ARTICULO 261. USURPACION DE TIERRAS,1
05/01/2018 12:00:00 AM,25,CUNDINAMARCA,25288,FUQUENE,ARTICULO 263. INVASION DE TIERRA O EDIFICACIONES,1
05/01/2018 12:00:00 AM,25,CUNDINAMARCA,25885,YACOPI,ARTICULO 263. INVASION DE TIERRA O EDIFICACIONES,1
05/04/2018 12:00:00 AM,25,CUNDINAMARCA,25377,LA CALERA,ARTICULO 263. INVASION DE TIERRA O EDIFICACIONES,1
05/05/2018 12:00:00 AM,25,CUNDINAMARCA,25518,PAIME,ARTICULO 261. USURPACION DE TIERRAS,1
05/05/2018 12:00:00 AM,25,CUNDINAMARCA,25518,PAIME,ARTICULO 263. INVASION DE TIERRA O EDIFICACIONES,1
05/07/2018 12:00:00 AM,25,CUNDINAMARCA,25483,NARIÑO,ARTICULO 263. INVASION DE TIERRA O EDIFICACIONES,1
05/18/2018 12:00:00 AM,25,CUNDINAMARCA,25402,LA VEGA,ARTICULO 261. USURPACION DE TIERRAS,1
05/19/2018 12:00:00 AM,25,CUNDINAMARCA,25718,SASAIMA,ARTICULO 263. INVASION DE TIERRA O EDIFICACIONES,1
05/29/2018 12:00:00 AM,25,CUNDINAMARCA,25743,SILVANIA,ARTICULO 263. INVASION DE TIERRA O EDIFICACIONES,1
06/01/2018 12:00:00 AM,25,CUNDINAMARCA,25785,TABIO,ARTICULO 263. INVASION DE TIERRA O EDIFICACIONES,1
06/01/2018 12:00:00 AM,25,CUNDINAMARCA,25785,TABIO,ARTICULO 263. INVASION DE TIERRA O EDIFICACIONES,1
06/03/2018 12:00:00 AM,25,CUNDINAMARCA,25754,SOACHA,ARTICULO 263. INVASION DE TIERRA O EDIFICACIONES,1
06/04/2018 12:00:00 AM,25,CUNDINAMARCA,25297,GACHETA,ARTICULO 261. USURPACION DE TIERRAS,1
06/10/2018 12:00:00 AM,25,CUNDINAMARCA,25386,LA MESA,ARTICULO 263. INVASION DE TIERRA O EDIFICACIONES,1
06/13/2018 12:00:00 AM,25,CUNDINAMARCA,25599,APULO,ARTICULO 263. INVASION DE TIERRA O EDIFICACIONES,1
06/15/2018 12:00:00 AM,25,CUNDINAMARCA,25473,MOSQUERA,ARTICULO 263. INVASION DE TIERRA O EDIFICACIONES,1
06/20/2018 12:00:00 AM,25,CUNDINAMARCA,25386,LA MESA,ARTICULO 263. INVASION DE TIERRA O EDIFICACIONES,1
06/21/2018 12:00:00 AM,25,CUNDINAMARCA,25754,SOACHA,ARTICULO 263. INVASION DE TIERRA O EDIFICACIONES,1
07/03/2018 12:00:00 AM,25,CUNDINAMARCA,25154,CARMEN DE CARUPA,ARTICULO 261. USURPACION DE TIERRAS,1
07/05/2018 12:00:00 AM,25,CUNDINAMARCA,25524,PANDI,ARTICULO 263. INVASION DE TIERRA O EDIFICACIONES,1
07/08/2018 12:00:00 AM,25,CUNDINAMARCA,25797,TENA,ARTICULO 263. INVASION DE TIERRA O EDIFICACIONES,1
07/11/2018 12:00:00 AM,25,CUNDINAMARCA,25769,SUBACHOQUE,ARTICULO 261. USURPACION DE TIERRAS,1
07/14/2018 12:00:00 AM,25,CUNDINAMARCA,25658,SAN FRANCISCO,ARTICULO 261. USURPACION DE TIERRAS,1
07/18/2018 12:00:00 AM,25,CUNDINAMARCA,25307,GIRARDOT,ARTICULO 261. USURPACION DE TIERRAS,1
07/20/2018 12:00:00 AM,25,CUNDINAMARCA,25754,SOACHA,ARTICULO 263. INVASION DE TIERRA O EDIFICACIONES,1
07/22/2018 12:00:00 AM,25,CUNDINAMARCA,25658,SAN FRANCISCO,ARTICULO 261. USURPACION DE TIERRAS,1
08/01/2018 12:00:00 AM,25,CUNDINAMARCA,25817,TOCANCIPA,ARTICULO 261. USURPACION DE TIERRAS,1
08/09/2018 12:00:00 AM,25,CUNDINAMARCA,25899,ZIPAQUIRA,ARTICULO 263. INVASION DE TIERRA O EDIFICACIONES,1
08/11/2018 12:00:00 AM,25,CUNDINAMARCA,25754,SOACHA,ARTICULO 263. INVASION DE TIERRA O EDIFICACIONES,1
08/27/2018 12:00:00 AM,25,CUNDINAMARCA,25307,GIRARDOT,ARTICULO 263. INVASION DE TIERRA O EDIFICACIONES,1
09/01/2018 12:00:00 AM,25,CUNDINAMARCA,25489,NIMAIMA,ARTICULO 261. USURPACION DE TIERRAS,1
09/02/2018 12:00:00 AM,25,CUNDINAMARCA,25754,SOACHA,ARTICULO 263. INVASION DE TIERRA O EDIFICACIONES,1
09/03/2018 12:00:00 AM,25,CUNDINAMARCA,25754,SOACHA,ARTICULO 261. USURPACION DE TIERRAS,1
09/05/2018 12:00:00 AM,25,CUNDINAMARCA,25386,LA MESA,ARTICULO 263. INVASION DE TIERRA O EDIFICACIONES,1
09/05/2018 12:00:00 AM,25,CUNDINAMARCA,25754,SOACHA,ARTICULO 263. INVASION DE TIERRA O EDIFICACIONES,1
09/05/2018 12:00:00 AM,25,CUNDINAMARCA,25754,SOACHA,ARTICULO 263. INVASION DE TIERRA O EDIFICACIONES,1
09/16/2018 12:00:00 AM,25,CUNDINAMARCA,25658,SAN FRANCISCO,ARTICULO 261. USURPACION DE TIERRAS,1
09/17/2018 12:00:00 AM,25,CUNDINAMARCA,25754,SOACHA,ARTICULO 263. INVASION DE TIERRA O EDIFICACIONES,1
09/18/2018 12:00:00 AM,25,CUNDINAMARCA,25386,LA MESA,ARTICULO 263. INVASION DE TIERRA O EDIFICACIONES,1
09/20/2018 12:00:00 AM,25,CUNDINAMARCA,25754,SOACHA,ARTICULO 263. INVASION DE TIERRA O EDIFICACIONES,1
09/26/2018 12:00:00 AM,25,CUNDINAMARCA,25307,GIRARDOT,ARTICULO 263. INVASION DE TIERRA O EDIFICACIONES,1
10/01/2018 12:00:00 AM,25,CUNDINAMARCA,25658,SAN FRANCISCO,ARTICULO 261. USURPACION DE TIERRAS,1
10/09/2018 12:00:00 AM,25,CUNDINAMARCA,25245,EL COLEGIO,ARTICULO 261. USURPACION DE TIERRAS,1
10/09/2018 12:00:00 AM,25,CUNDINAMARCA,25867,VIANI,ARTICULO 261. USURPACION DE TIERRAS,1
10/11/2018 12:00:00 AM,25,CUNDINAMARCA,25599,APULO,ARTICULO 261. USURPACION DE TIERRAS,1
10/12/2018 12:00:00 AM,25,CUNDINAMARCA,25754,SOACHA,ARTICULO 263. INVASION DE TIERRA O EDIFICACIONES,1
10/14/2018 12:00:00 AM,25,CUNDINAMARCA,25785,TABIO,ARTICULO 263. INVASION DE TIERRA O EDIFICACIONES,1
10/16/2018 12:00:00 AM,25,CUNDINAMARCA,25754,SOACHA,ARTICULO 263. INVASION DE TIERRA O EDIFICACIONES,1
10/19/2018 12:00:00 AM,25,CUNDINAMARCA,25743,SILVANIA,ARTICULO 263. INVASION DE TIERRA O EDIFICACIONES,1
10/20/2018 12:00:00 AM,25,CUNDINAMARCA,25754,SOACHA,ARTICULO 263. INVASION DE TIERRA O EDIFICACIONES,1
10/23/2018 12:00:00 AM,25,CUNDINAMARCA,25754,SOACHA,ARTICULO 263. INVASION DE TIERRA O EDIFICACIONES,1
10/24/2018 12:00:00 AM,25,CUNDINAMARCA,25599,APULO,ARTICULO 263. INVASION DE TIERRA O EDIFICACIONES,1
10/25/2018 12:00:00 AM,25,CUNDINAMARCA,25473,MOSQUERA,ARTICULO 263. INVASION DE TIERRA O EDIFICACIONES,1
11/02/2018 12:00:00 AM,25,CUNDINAMARCA,25649,SAN BERNARDO,ARTICULO 263. INVASION DE TIERRA O EDIFICACIONES,1
11/06/2018 12:00:00 AM,25,CUNDINAMARCA,25286,FUNZA,ARTICULO 263. INVASION DE TIERRA O EDIFICACIONES,1
11/07/2018 12:00:00 AM,25,CUNDINAMARCA,25168,CHAGUANI,ARTICULO 261. USURPACION DE TIERRAS,1
11/24/2018 12:00:00 AM,25,CUNDINAMARCA,25506,VENECIA,ARTICULO 261. USURPACION DE TIERRAS,1
11/25/2018 12:00:00 AM,25,CUNDINAMARCA,25394,LA PALMA,ARTICULO 263. INVASION DE TIERRA O EDIFICACIONES,1
11/27/2018 12:00:00 AM,25,CUNDINAMARCA,25754,SOACHA,ARTICULO 263. INVASION DE TIERRA O EDIFICACIONES,1
12/10/2018 12:00:00 AM,25,CUNDINAMARCA,25175,CHIA,ARTICULO 263. INVASION DE TIERRA O EDIFICACIONES,1
12/14/2018 12:00:00 AM,25,CUNDINAMARCA,25307,GIRARDOT,ARTICULO 263. INVASION DE TIERRA O EDIFICACIONES,1
12/14/2018 12:00:00 AM,25,CUNDINAMARCA,25658,SAN FRANCISCO,ARTICULO 263. INVASION DE TIERRA O EDIFICACIONES,1
12/16/2018 12:00:00 AM,25,CUNDINAMARCA,25183,CHOCONTA,ARTICULO 261. USURPACION DE TIERRAS,1
12/23/2018 12:00:00 AM,25,CUNDINAMARCA,25797,TENA,ARTICULO 261. USURPACION DE TIERRAS,1
12/26/2018 12:00:00 AM,25,CUNDINAMARCA,25168,CHAGUANI,ARTICULO 263. INVASION DE TIERRA O EDIFICACIONES,1
12/28/2018 12:00:00 AM,25,CUNDINAMARCA,25754,SOACHA,ARTICULO 263. INVASION DE TIERRA O EDIFICACIONES,1
12/30/2018 12:00:00 AM,25,CUNDINAMARCA,25662,SAN JUAN DE RIO SECO,ARTICULO 263. INVASION DE TIERRA O EDIFICACIONES,1
01/02/2019 12:00:00 AM,25,CUNDINAMARCA,25754,SOACHA,ARTICULO 263. INVASION DE TIERRA O EDIFICACIONES,1
01/07/2019 12:00:00 AM,25,CUNDINAMARCA,25320,GUADUAS,ARTICULO 261. USURPACION DE TIERRAS,1
01/07/2019 12:00:00 AM,25,CUNDINAMARCA,25320,GUADUAS,ARTICULO 263. INVASION DE TIERRA O EDIFICACIONES,1
01/09/2019 12:00:00 AM,25,CUNDINAMARCA,25754,SOACHA,ARTICULO 263. INVASION DE TIERRA O EDIFICACIONES,1
01/10/2019 12:00:00 AM,25,CUNDINAMARCA,25035,ANAPOIMA,ARTICULO 263. INVASION DE TIERRA O EDIFICACIONES,1
01/10/2019 12:00:00 AM,25,CUNDINAMARCA,25473,MOSQUERA,ARTICULO 261. USURPACION DE TIERRAS,1
01/15/2019 12:00:00 AM,25,CUNDINAMARCA,25754,SOACHA,ARTICULO 263. INVASION DE TIERRA O EDIFICACIONES,1
01/15/2019 12:00:00 AM,25,CUNDINAMARCA,25754,SOACHA,ARTICULO 263. INVASION DE TIERRA O EDIFICACIONES,1
01/19/2019 12:00:00 AM,25,CUNDINAMARCA,25572,PUERTO SALGAR,ARTICULO 261. USURPACION DE TIERRAS,1
01/19/2019 12:00:00 AM,25,CUNDINAMARCA,25572,PUERTO SALGAR,ARTICULO 261. USURPACION DE TIERRAS,1
01/19/2019 12:00:00 AM,25,CUNDINAMARCA,25878,VIOTA,ARTICULO 263. INVASION DE TIERRA O EDIFICACIONES,1
01/21/2019 12:00:00 AM,25,CUNDINAMARCA,25754,SOACHA,ARTICULO 263. INVASION DE TIERRA O EDIFICACIONES,1
01/28/2019 12:00:00 AM,25,CUNDINAMARCA,25148,CAPARRAPI,ARTICULO 261. USURPACION DE TIERRAS,1
01/28/2019 12:00:00 AM,25,CUNDINAMARCA,25175,CHIA,ARTICULO 263. INVASION DE TIERRA O EDIFICACIONES,1
02/01/2019 12:00:00 AM,25,CUNDINAMARCA,25297,GACHETA,ARTICULO 261. USURPACION DE TIERRAS,1
02/02/2019 12:00:00 AM,25,CUNDINAMARCA,25743,SILVANIA,ARTICULO 261. USURPACION DE TIERRAS,1
02/02/2019 12:00:00 AM,25,CUNDINAMARCA,25743,SILVANIA,ARTICULO 261. USURPACION DE TIERRAS,1
02/05/2019 12:00:00 AM,25,CUNDINAMARCA,25743,SILVANIA,ARTICULO 263. INVASION DE TIERRA O EDIFICACIONES,1
02/06/2019 12:00:00 AM,25,CUNDINAMARCA,25290,FUSAGASUGA,ARTICULO 263. INVASION DE TIERRA O EDIFICACIONES,1
02/08/2019 12:00:00 AM,25,CUNDINAMARCA,25572,PUERTO SALGAR,ARTICULO 263. INVASION DE TIERRA O EDIFICACIONES,1
02/10/2019 12:00:00 AM,25,CUNDINAMARCA,25754,SOACHA,ARTICULO 263. INVASION DE TIERRA O EDIFICACIONES,1
02/16/2019 12:00:00 AM,25,CUNDINAMARCA,25290,FUSAGASUGA,ARTICULO 263. INVASION DE TIERRA O EDIFICACIONES,1
02/17/2019 12:00:00 AM,25,CUNDINAMARCA,25754,SOACHA,ARTICULO 263. INVASION DE TIERRA O EDIFICACIONES,1
02/20/2019 12:00:00 AM,25,CUNDINAMARCA,25183,CHOCONTA,ARTICULO 261. USURPACION DE TIERRAS,1
02/22/2019 12:00:00 AM,25,CUNDINAMARCA,25307,GIRARDOT,ARTICULO 263. INVASION DE TIERRA O EDIFICACIONES,1
02/23/2019 12:00:00 AM,25,CUNDINAMARCA,25754,SOACHA,ARTICULO 263. INVASION DE TIERRA O EDIFICACIONES,1
03/01/2019 12:00:00 AM,25,CUNDINAMARCA,25754,SOACHA,ARTICULO 263. INVASION DE TIERRA O EDIFICACIONES,1
03/03/2019 12:00:00 AM,25,CUNDINAMARCA,25754,SOACHA,ARTICULO 263. INVASION DE TIERRA O EDIFICACIONES,1
03/05/2019 12:00:00 AM,25,CUNDINAMARCA,25599,APULO,ARTICULO 263. INVASION DE TIERRA O EDIFICACIONES,1
03/05/2019 12:00:00 AM,25,CUNDINAMARCA,25754,SOACHA,ARTICULO 261. USURPACION DE TIERRAS,1
03/12/2019 12:00:00 AM,25,CUNDINAMARCA,25718,SASAIMA,ARTICULO 261. USURPACION DE TIERRAS,1
03/17/2019 12:00:00 AM,25,CUNDINAMARCA,25592,QUEBRADANEGRA,ARTICULO 263. INVASION DE TIERRA O EDIFICACIONES,1
04/03/2019 12:00:00 AM,25,CUNDINAMARCA,25754,SOACHA,ARTICULO 263. INVASION DE TIERRA O EDIFICACIONES,1
04/12/2019 12:00:00 AM,25,CUNDINAMARCA,25491,NOCAIMA,ARTICULO 261. USURPACION DE TIERRAS,1
04/16/2019 12:00:00 AM,25,CUNDINAMARCA,25386,LA MESA,ARTICULO 263. INVASION DE TIERRA O EDIFICACIONES,1
04/16/2019 12:00:00 AM,25,CUNDINAMARCA,25754,SOACHA,ARTICULO 263. INVASION DE TIERRA O EDIFICACIONES,1
04/22/2019 12:00:00 AM,25,CUNDINAMARCA,25754,SOACHA,ARTICULO 263. INVASION DE TIERRA O EDIFICACIONES,1
04/23/2019 12:00:00 AM,25,CUNDINAMARCA,25168,CHAGUANI,ARTICULO 261. USURPACION DE TIERRAS,1
04/25/2019 12:00:00 AM,25,CUNDINAMARCA,25754,SOACHA,ARTICULO 261. USURPACION DE TIERRAS,1
04/27/2019 12:00:00 AM,25,CUNDINAMARCA,25743,SILVANIA,ARTICULO 263. INVASION DE TIERRA O EDIFICACIONES,1
05/01/2019 12:00:00 AM,25,CUNDINAMARCA,25754,SOACHA,ARTICULO 263. INVASION DE TIERRA O EDIFICACIONES,1
05/04/2019 12:00:00 AM,25,CUNDINAMARCA,25754,SOACHA,ARTICULO 261. USURPACION DE TIERRAS,1
05/04/2019 12:00:00 AM,25,CUNDINAMARCA,25841,UBAQUE,ARTICULO 261. USURPACION DE TIERRAS,1
05/07/2019 12:00:00 AM,25,CUNDINAMARCA,25841,UBAQUE,ARTICULO 263. INVASION DE TIERRA O EDIFICACIONES,1
05/09/2019 12:00:00 AM,25,CUNDINAMARCA,25307,GIRARDOT,ARTICULO 261. USURPACION DE TIERRAS,1
05/12/2019 12:00:00 AM,25,CUNDINAMARCA,25645,SAN ANTONIO DEL TEQUENDAMA,ARTICULO 263. INVASION DE TIERRA O EDIFICACIONES,1
05/12/2019 12:00:00 AM,25,CUNDINAMARCA,25754,SOACHA,ARTICULO 261. USURPACION DE TIERRAS,1
05/14/2019 12:00:00 AM,25,CUNDINAMARCA,25386,LA MESA,ARTICULO 261. USURPACION DE TIERRAS,1
05/17/2019 12:00:00 AM,25,CUNDINAMARCA,25322,GUASCA,ARTICULO 261. USURPACION DE TIERRAS,1
05/31/2019 12:00:00 AM,25,CUNDINAMARCA,25426,MACHETA,ARTICULO 263. INVASION DE TIERRA O EDIFICACIONES,1
06/05/2019 12:00:00 AM,25,CUNDINAMARCA,25754,SOACHA,ARTICULO 261. USURPACION DE TIERRAS,1
06/11/2019 12:00:00 AM,25,CUNDINAMARCA,25430,MADRID,ARTICULO 263. INVASION DE TIERRA O EDIFICACIONES,1
06/12/2019 12:00:00 AM,25,CUNDINAMARCA,25754,SOACHA,ARTICULO 263. INVASION DE TIERRA O EDIFICACIONES,1
06/13/2019 12:00:00 AM,25,CUNDINAMARCA,25754,SOACHA,ARTICULO 263. INVASION DE TIERRA O EDIFICACIONES,1
06/21/2019 12:00:00 AM,25,CUNDINAMARCA,25307,GIRARDOT,ARTICULO 261. USURPACION DE TIERRAS,1
06/21/2019 12:00:00 AM,25,CUNDINAMARCA,25307,GIRARDOT,ARTICULO 263. INVASION DE TIERRA O EDIFICACIONES,1
06/22/2019 12:00:00 AM,25,CUNDINAMARCA,25290,FUSAGASUGA,ARTICULO 263. INVASION DE TIERRA O EDIFICACIONES,1
06/30/2019 12:00:00 AM,25,CUNDINAMARCA,25754,SOACHA,ARTICULO 263. INVASION DE TIERRA O EDIFICACIONES,1
07/08/2019 12:00:00 AM,25,CUNDINAMARCA,25290,FUSAGASUGA,ARTICULO 263. INVASION DE TIERRA O EDIFICACIONES,1
07/15/2019 12:00:00 AM,25,CUNDINAMARCA,25754,SOACHA,ARTICULO 263. INVASION DE TIERRA O EDIFICACIONES,1
07/20/2019 12:00:00 AM,25,CUNDINAMARCA,25754,SOACHA,ARTICULO 263. INVASION DE TIERRA O EDIFICACIONES,1
07/25/2019 12:00:00 AM,25,CUNDINAMARCA,25290,FUSAGASUGA,ARTICULO 263. INVASION DE TIERRA O EDIFICACIONES,1
07/25/2019 12:00:00 AM,25,CUNDINAMARCA,25307,GIRARDOT,ARTICULO 263. INVASION DE TIERRA O EDIFICACIONES,1
07/27/2019 12:00:00 AM,25,CUNDINAMARCA,25885,YACOPI,ARTICULO 263. INVASION DE TIERRA O EDIFICACIONES,1
08/01/2019 12:00:00 AM,25,CUNDINAMARCA,25307,GIRARDOT,ARTICULO 263. INVASION DE TIERRA O EDIFICACIONES,1
08/04/2019 12:00:00 AM,25,CUNDINAMARCA,25743,SILVANIA,ARTICULO 263. INVASION DE TIERRA O EDIFICACIONES,1
08/04/2019 12:00:00 AM,25,CUNDINAMARCA,25754,SOACHA,ARTICULO 263. INVASION DE TIERRA O EDIFICACIONES,1
08/09/2019 12:00:00 AM,25,CUNDINAMARCA,25817,TOCANCIPA,ARTICULO 263. INVASION DE TIERRA O EDIFICACIONES,1
08/11/2019 12:00:00 AM,25,CUNDINAMARCA,25290,FUSAGASUGA,ARTICULO 263. INVASION DE TIERRA O EDIFICACIONES,1
08/19/2019 12:00:00 AM,25,CUNDINAMARCA,25899,ZIPAQUIRA,ARTICULO 263. INVASION DE TIERRA O EDIFICACIONES,1
08/20/2019 12:00:00 AM,25,CUNDINAMARCA,25612,RICAURTE,ARTICULO 263. INVASION DE TIERRA O EDIFICACIONES,1
08/20/2019 12:00:00 AM,25,CUNDINAMARCA,25754,SOACHA,ARTICULO 263. INVASION DE TIERRA O EDIFICACIONES,1
08/22/2019 12:00:00 AM,25,CUNDINAMARCA,25297,GACHETA,ARTICULO 263. INVASION DE TIERRA O EDIFICACIONES,1
08/26/2019 12:00:00 AM,25,CUNDINAMARCA,25245,EL COLEGIO,ARTICULO 263. INVASION DE TIERRA O EDIFICACIONES,1
09/01/2019 12:00:00 AM,25,CUNDINAMARCA,25473,MOSQUERA,ARTICULO 263. INVASION DE TIERRA O EDIFICACIONES,1
09/05/2019 12:00:00 AM,25,CUNDINAMARCA,25151,CAQUEZA,ARTICULO 261. USURPACION DE TIERRAS,1
09/06/2019 12:00:00 AM,25,CUNDINAMARCA,25377,LA CALERA,ARTICULO 263. INVASION DE TIERRA O EDIFICACIONES,1
09/26/2019 12:00:00 AM,25,CUNDINAMARCA,25126,CAJICA,ARTICULO 263. INVASION DE TIERRA O EDIFICACIONES,1
09/27/2019 12:00:00 AM,25,CUNDINAMARCA,25326,GUATAVITA,ARTICULO 263. INVASION DE TIERRA O EDIFICACIONES,1
09/27/2019 12:00:00 AM,25,CUNDINAMARCA,25402,LA VEGA,ARTICULO 261. USURPACION DE TIERRAS,1
09/29/2019 12:00:00 AM,25,CUNDINAMARCA,25290,FUSAGASUGA,ARTICULO 261. USURPACION DE TIERRAS,1
09/30/2019 12:00:00 AM,25,CUNDINAMARCA,25258,EL PEÑON,ARTICULO 263. INVASION DE TIERRA O EDIFICACIONES,1
10/06/2019 12:00:00 AM,25,CUNDINAMARCA,25307,GIRARDOT,ARTICULO 263. INVASION DE TIERRA O EDIFICACIONES,1
10/08/2019 12:00:00 AM,25,CUNDINAMARCA,25290,FUSAGASUGA,ARTICULO 261. USURPACION DE TIERRAS,1
10/17/2019 12:00:00 AM,25,CUNDINAMARCA,25592,QUEBRADANEGRA,ARTICULO 261. USURPACION DE TIERRAS,1
10/21/2019 12:00:00 AM,25,CUNDINAMARCA,25279,FOMEQUE,ARTICULO 263. INVASION DE TIERRA O EDIFICACIONES,1
10/25/2019 12:00:00 AM,25,CUNDINAMARCA,25473,MOSQUERA,ARTICULO 263. INVASION DE TIERRA O EDIFICACIONES,1
10/28/2019 12:00:00 AM,25,CUNDINAMARCA,25290,FUSAGASUGA,ARTICULO 263. INVASION DE TIERRA O EDIFICACIONES,1
10/28/2019 12:00:00 AM,25,CUNDINAMARCA,25754,SOACHA,ARTICULO 263. INVASION DE TIERRA O EDIFICACIONES,1
10/31/2019 12:00:00 AM,25,CUNDINAMARCA,25386,LA MESA,ARTICULO 261. USURPACION DE TIERRAS,1
11/03/2019 12:00:00 AM,25,CUNDINAMARCA,25398,LA PEÑA,ARTICULO 261. USURPACION DE TIERRAS,1
11/12/2019 12:00:00 AM,25,CUNDINAMARCA,25754,SOACHA,ARTICULO 263. INVASION DE TIERRA O EDIFICACIONES,1
11/18/2019 12:00:00 AM,25,CUNDINAMARCA,25307,GIRARDOT,ARTICULO 263. INVASION DE TIERRA O EDIFICACIONES,1
12/18/2019 12:00:00 AM,25,CUNDINAMARCA,25438,MEDINA,ARTICULO 261. USURPACION DE TIERRAS,1
01/07/2020 12:00:00 AM,25,CUNDINAMARCA,25754,SOACHA,ARTICULO 263. INVASION DE TIERRA O EDIFICACIONES,1
01/11/2020 12:00:00 AM,25,CUNDINAMARCA,25612,RICAURTE,ARTICULO 261. USURPACION DE TIERRAS,1
01/13/2020 12:00:00 AM,25,CUNDINAMARCA,25815,TOCAIMA,ARTICULO 263. INVASION DE TIERRA O EDIFICACIONES,1
01/19/2020 12:00:00 AM,25,CUNDINAMARCA,25754,SOACHA,ARTICULO 263. INVASION DE TIERRA O EDIFICACIONES,1
01/27/2020 12:00:00 AM,25,CUNDINAMARCA,25001,AGUA DE DIOS,ARTICULO 263. INVASION DE TIERRA O EDIFICACIONES,1
01/27/2020 12:00:00 AM,25,CUNDINAMARCA,25001,AGUA DE DIOS,ARTICULO 263. INVASION DE TIERRA O EDIFICACIONES,1
01/27/2020 12:00:00 AM,25,CUNDINAMARCA,25001,AGUA DE DIOS,ARTICULO 263. INVASION DE TIERRA O EDIFICACIONES,1
01/27/2020 12:00:00 AM,25,CUNDINAMARCA,25279,FOMEQUE,ARTICULO 263. INVASION DE TIERRA O EDIFICACIONES,1
02/01/2020 12:00:00 AM,25,CUNDINAMARCA,25175,CHIA,ARTICULO 263. INVASION DE TIERRA O EDIFICACIONES,1
02/01/2020 12:00:00 AM,25,CUNDINAMARCA,25781,SUTATAUSA,ARTICULO 263. INVASION DE TIERRA O EDIFICACIONES,1
02/02/2020 12:00:00 AM,25,CUNDINAMARCA,25769,SUBACHOQUE,ARTICULO 261. USURPACION DE TIERRAS,1
02/04/2020 12:00:00 AM,25,CUNDINAMARCA,25743,SILVANIA,ARTICULO 263. INVASION DE TIERRA O EDIFICACIONES,1
02/10/2020 12:00:00 AM,25,CUNDINAMARCA,25878,VIOTA,ARTICULO 261. USURPACION DE TIERRAS,1
02/14/2020 12:00:00 AM,25,CUNDINAMARCA,25402,LA VEGA,ARTICULO 263. INVASION DE TIERRA O EDIFICACIONES,1
02/15/2020 12:00:00 AM,25,CUNDINAMARCA,25307,GIRARDOT,ARTICULO 263. INVASION DE TIERRA O EDIFICACIONES,1
02/18/2020 12:00:00 AM,25,CUNDINAMARCA,25307,GIRARDOT,ARTICULO 263. INVASION DE TIERRA O EDIFICACIONES,1
02/28/2020 12:00:00 AM,25,CUNDINAMARCA,25326,GUATAVITA,ARTICULO 263. INVASION DE TIERRA O EDIFICACIONES,1
03/01/2020 12:00:00 AM,25,CUNDINAMARCA,25245,EL COLEGIO,ARTICULO 263. INVASION DE TIERRA O EDIFICACIONES,1
03/01/2020 12:00:00 AM,25,CUNDINAMARCA,25745,SIMIJACA,ARTICULO 263. INVASION DE TIERRA O EDIFICACIONES,1
03/02/2020 12:00:00 AM,25,CUNDINAMARCA,25580,PULI,ARTICULO 263. INVASION DE TIERRA O EDIFICACIONES,1
03/05/2020 12:00:00 AM,25,CUNDINAMARCA,25754,SOACHA,ARTICULO 263. INVASION DE TIERRA O EDIFICACIONES,1
03/10/2020 12:00:00 AM,25,CUNDINAMARCA,25797,TENA,ARTICULO 263. INVASION DE TIERRA O EDIFICACIONES,1
03/11/2020 12:00:00 AM,25,CUNDINAMARCA,25269,FACATATIVA,ARTICULO 261. USURPACION DE TIERRAS,1
03/12/2020 12:00:00 AM,25,CUNDINAMARCA,25126,CAJICA,ARTICULO 263. INVASION DE TIERRA O EDIFICACIONES,1
03/13/2020 12:00:00 AM,25,CUNDINAMARCA,25326,GUATAVITA,ARTICULO 261. USURPACION DE TIERRAS,1
03/17/2020 12:00:00 AM,25,CUNDINAMARCA,25175,CHIA,ARTICULO 261. USURPACION DE TIERRAS,1
03/20/2020 12:00:00 AM,25,CUNDINAMARCA,25095,BITUIMA,ARTICULO 261. USURPACION DE TIERRAS,1
04/01/2020 12:00:00 AM,25,CUNDINAMARCA,25386,LA MESA,ARTICULO 263. INVASION DE TIERRA O EDIFICACIONES,1
04/05/2020 12:00:00 AM,25,CUNDINAMARCA,25245,EL COLEGIO,ARTICULO 263. INVASION DE TIERRA O EDIFICACIONES,1
04/20/2020 12:00:00 AM,25,CUNDINAMARCA,25168,CHAGUANI,ARTICULO 263. INVASION DE TIERRA O EDIFICACIONES,1
04/22/2020 12:00:00 AM,25,CUNDINAMARCA,25307,GIRARDOT,ARTICULO 263. INVASION DE TIERRA O EDIFICACIONES,1
04/30/2020 12:00:00 AM,25,CUNDINAMARCA,25754,SOACHA,ARTICULO 263. INVASION DE TIERRA O EDIFICACIONES,1
05/08/2020 12:00:00 AM,25,CUNDINAMARCA,25754,SOACHA,ARTICULO 263. INVASION DE TIERRA O EDIFICACIONES,1
05/08/2020 12:00:00 AM,25,CUNDINAMARCA,25754,SOACHA,ARTICULO 263. INVASION DE TIERRA O EDIFICACIONES,1
05/09/2020 12:00:00 AM,25,CUNDINAMARCA,25754,SOACHA,ARTICULO 263. INVASION DE TIERRA O EDIFICACIONES,1
05/11/2020 12:00:00 AM,25,CUNDINAMARCA,25736,SESQUILE,ARTICULO 263. INVASION DE TIERRA O EDIFICACIONES,1
05/19/2020 12:00:00 AM,25,CUNDINAMARCA,25154,CARMEN DE CARUPA,ARTICULO 261. USURPACION DE TIERRAS,1
05/30/2020 12:00:00 AM,25,CUNDINAMARCA,25862,VERGARA,ARTICULO 261. USURPACION DE TIERRAS,1
06/05/2020 12:00:00 AM,25,CUNDINAMARCA,25743,SILVANIA,ARTICULO 261. USURPACION DE TIERRAS,1
06/05/2020 12:00:00 AM,25,CUNDINAMARCA,25754,SOACHA,ARTICULO 261. USURPACION DE TIERRAS,1
06/07/2020 12:00:00 AM,25,CUNDINAMARCA,25754,SOACHA,ARTICULO 263. INVASION DE TIERRA O EDIFICACIONES,1
06/22/2020 12:00:00 AM,25,CUNDINAMARCA,25320,GUADUAS,ARTICULO 263. INVASION DE TIERRA O EDIFICACIONES,1
06/22/2020 12:00:00 AM,25,CUNDINAMARCA,25805,TIBACUY,ARTICULO 263. INVASION DE TIERRA O EDIFICACIONES,1
06/23/2020 12:00:00 AM,25,CUNDINAMARCA,25754,SOACHA,ARTICULO 263. INVASION DE TIERRA O EDIFICACIONES,1
06/23/2020 12:00:00 AM,25,CUNDINAMARCA,25754,SOACHA,ARTICULO 263. INVASION DE TIERRA O EDIFICACIONES,1
06/24/2020 12:00:00 AM,25,CUNDINAMARCA,25754,SOACHA,ARTICULO 263. INVASION DE TIERRA O EDIFICACIONES,1
06/30/2020 12:00:00 AM,25,CUNDINAMARCA,25815,TOCAIMA,ARTICULO 263. INVASION DE TIERRA O EDIFICACIONES,1
07/01/2020 12:00:00 AM,25,CUNDINAMARCA,25754,SOACHA,ARTICULO 263. INVASION DE TIERRA O EDIFICACIONES,1
07/03/2020 12:00:00 AM,25,CUNDINAMARCA,25754,SOACHA,ARTICULO 263. INVASION DE TIERRA O EDIFICACIONES,1
07/03/2020 12:00:00 AM,25,CUNDINAMARCA,25899,ZIPAQUIRA,ARTICULO 261. USURPACION DE TIERRAS,1
07/05/2020 12:00:00 AM,25,CUNDINAMARCA,25175,CHIA,ARTICULO 261. USURPACION DE TIERRAS,1
07/12/2020 12:00:00 AM,25,CUNDINAMARCA,25754,SOACHA,ARTICULO 263. INVASION DE TIERRA O EDIFICACIONES,1
07/12/2020 12:00:00 AM,25,CUNDINAMARCA,25815,TOCAIMA,ARTICULO 263. INVASION DE TIERRA O EDIFICACIONES,1
07/14/2020 12:00:00 AM,25,CUNDINAMARCA,25754,SOACHA,ARTICULO 263. INVASION DE TIERRA O EDIFICACIONES,1
07/19/2020 12:00:00 AM,25,CUNDINAMARCA,25754,SOACHA,ARTICULO 263. INVASION DE TIERRA O EDIFICACIONES,1
07/24/2020 12:00:00 AM,25,CUNDINAMARCA,25754,SOACHA,ARTICULO 263. INVASION DE TIERRA O EDIFICACIONES,1
07/25/2020 12:00:00 AM,25,CUNDINAMARCA,25754,SOACHA,ARTICULO 263. INVASION DE TIERRA O EDIFICACIONES,1
07/26/2020 12:00:00 AM,25,CUNDINAMARCA,25307,GIRARDOT,ARTICULO 261. USURPACION DE TIERRAS,1
07/28/2020 12:00:00 AM,25,CUNDINAMARCA,25175,CHIA,ARTICULO 263. INVASION DE TIERRA O EDIFICACIONES,1
07/31/2020 12:00:00 AM,25,CUNDINAMARCA,25743,SILVANIA,ARTICULO 263. INVASION DE TIERRA O EDIFICACIONES,1
08/01/2020 12:00:00 AM,25,CUNDINAMARCA,25297,GACHETA,ARTICULO 261. USURPACION DE TIERRAS,1
08/02/2020 12:00:00 AM,25,CUNDINAMARCA,25754,SOACHA,ARTICULO 263. INVASION DE TIERRA O EDIFICACIONES,1
08/03/2020 12:00:00 AM,25,CUNDINAMARCA,25754,SOACHA,ARTICULO 263. INVASION DE TIERRA O EDIFICACIONES,1
08/04/2020 12:00:00 AM,25,CUNDINAMARCA,25599,APULO,ARTICULO 263. INVASION DE TIERRA O EDIFICACIONES,1
08/04/2020 12:00:00 AM,25,CUNDINAMARCA,25754,SOACHA,ARTICULO 263. INVASION DE TIERRA O EDIFICACIONES,1
08/04/2020 12:00:00 AM,25,CUNDINAMARCA,25885,YACOPI,ARTICULO 263. INVASION DE TIERRA O EDIFICACIONES,1
08/10/2020 12:00:00 AM,25,CUNDINAMARCA,25290,FUSAGASUGA,ARTICULO 263. INVASION DE TIERRA O EDIFICACIONES,1
08/21/2020 12:00:00 AM,25,CUNDINAMARCA,25175,CHIA,ARTICULO 263. INVASION DE TIERRA O EDIFICACIONES,1
08/30/2020 12:00:00 AM,25,CUNDINAMARCA,25596,QUIPILE,ARTICULO 261. USURPACION DE TIERRAS,1
09/01/2020 12:00:00 AM,25,CUNDINAMARCA,25599,APULO,ARTICULO 263. INVASION DE TIERRA O EDIFICACIONES,1
09/01/2020 12:00:00 AM,25,CUNDINAMARCA,25572,PUERTO SALGAR,ARTICULO 263. INVASION DE TIERRA O EDIFICACIONES,1
09/02/2020 12:00:00 AM,25,CUNDINAMARCA,25612,RICAURTE,ARTICULO 263. INVASION DE TIERRA O EDIFICACIONES,1
09/13/2020 12:00:00 AM,25,CUNDINAMARCA,25754,SOACHA,ARTICULO 263. INVASION DE TIERRA O EDIFICACIONES,1
09/17/2020 12:00:00 AM,25,CUNDINAMARCA,25328,GUAYABAL DE SIQUIMA,ARTICULO 263. INVASION DE TIERRA O EDIFICACIONES,1
09/24/2020 12:00:00 AM,25,CUNDINAMARCA,25245,EL COLEGIO,ARTICULO 261. USURPACION DE TIERRAS,1
09/24/2020 12:00:00 AM,25,CUNDINAMARCA,25793,TAUSA,ARTICULO 263. INVASION DE TIERRA O EDIFICACIONES,1
09/29/2020 12:00:00 AM,25,CUNDINAMARCA,25754,SOACHA,ARTICULO 263. INVASION DE TIERRA O EDIFICACIONES,1
10/02/2020 12:00:00 AM,25,CUNDINAMARCA,25799,TENJO,ARTICULO 263. INVASION DE TIERRA O EDIFICACIONES,1
10/06/2020 12:00:00 AM,25,CUNDINAMARCA,25658,SAN FRANCISCO,ARTICULO 261. USURPACION DE TIERRAS,1
10/10/2020 12:00:00 AM,25,CUNDINAMARCA,25871,VILLAGOMEZ,ARTICULO 261. USURPACION DE TIERRAS,1
10/11/2020 12:00:00 AM,25,CUNDINAMARCA,25815,TOCAIMA,ARTICULO 263. INVASION DE TIERRA O EDIFICACIONES,1
10/15/2020 12:00:00 AM,25,CUNDINAMARCA,25123,CACHIPAY,ARTICULO 261. USURPACION DE TIERRAS,1
10/18/2020 12:00:00 AM,25,CUNDINAMARCA,25290,FUSAGASUGA,ARTICULO 263. INVASION DE TIERRA O EDIFICACIONES,1
10/26/2020 12:00:00 AM,25,CUNDINAMARCA,25899,ZIPAQUIRA,ARTICULO 261. USURPACION DE TIERRAS,1
10/30/2020 12:00:00 AM,25,CUNDINAMARCA,25123,CACHIPAY,ARTICULO 263. INVASION DE TIERRA O EDIFICACIONES,1
10/30/2020 12:00:00 AM,25,CUNDINAMARCA,25754,SOACHA,ARTICULO 263. INVASION DE TIERRA O EDIFICACIONES,1
11/03/2020 12:00:00 AM,25,CUNDINAMARCA,25377,LA CALERA,ARTICULO 263. INVASION DE TIERRA O EDIFICACIONES,1
11/04/2020 12:00:00 AM,25,CUNDINAMARCA,25754,SOACHA,ARTICULO 263. INVASION DE TIERRA O EDIFICACIONES,1
11/09/2020 12:00:00 AM,25,CUNDINAMARCA,25377,LA CALERA,ARTICULO 263. INVASION DE TIERRA O EDIFICACIONES,1
11/13/2020 12:00:00 AM,25,CUNDINAMARCA,25245,EL COLEGIO,ARTICULO 263. INVASION DE TIERRA O EDIFICACIONES,1
11/14/2020 12:00:00 AM,25,CUNDINAMARCA,25612,RICAURTE,ARTICULO 263. INVASION DE TIERRA O EDIFICACIONES,1
11/16/2020 12:00:00 AM,25,CUNDINAMARCA,25754,SOACHA,ARTICULO 263. INVASION DE TIERRA O EDIFICACIONES,1
11/30/2020 12:00:00 AM,25,CUNDINAMARCA,25290,FUSAGASUGA,ARTICULO 263. INVASION DE TIERRA O EDIFICACIONES,1
12/02/2020 12:00:00 AM,25,CUNDINAMARCA,25245,EL COLEGIO,ARTICULO 263. INVASION DE TIERRA O EDIFICACIONES,1
12/03/2020 12:00:00 AM,25,CUNDINAMARCA,25154,CARMEN DE CARUPA,ARTICULO 261. USURPACION DE TIERRAS,1
12/14/2020 12:00:00 AM,25,CUNDINAMARCA,25862,VERGARA,ARTICULO 263. INVASION DE TIERRA O EDIFICACIONES,1
12/16/2020 12:00:00 AM,25,CUNDINAMARCA,25754,SOACHA,ARTICULO 263. INVASION DE TIERRA O EDIFICACIONES,1
12/22/2020 12:00:00 AM,25,CUNDINAMARCA,25754,SOACHA,ARTICULO 263. INVASION DE TIERRA O EDIFICACIONES,1
12/28/2020 12:00:00 AM,25,CUNDINAMARCA,25754,SOACHA,ARTICULO 263. INVASION DE TIERRA O EDIFICACIONES,1
01/01/2021 12:00:00 AM,25,CUNDINAMARCA,25799,TENJO,ARTICULO 263. INVASION DE TIERRA O EDIFICACIONES,1
01/02/2021 12:00:00 AM,25,CUNDINAMARCA,25899,ZIPAQUIRA,ARTICULO 261. USURPACION DE TIERRAS,1
01/05/2021 12:00:00 AM,25,CUNDINAMARCA,25592,QUEBRADANEGRA,ARTICULO 263. INVASION DE TIERRA O EDIFICACIONES,1
01/16/2021 12:00:00 AM,25,CUNDINAMARCA,25290,FUSAGASUGA,ARTICULO 263. INVASION DE TIERRA O EDIFICACIONES,1
01/21/2021 12:00:00 AM,25,CUNDINAMARCA,25290,FUSAGASUGA,ARTICULO 263. INVASION DE TIERRA O EDIFICACIONES,1
02/01/2021 12:00:00 AM,25,CUNDINAMARCA,25307,GIRARDOT,ARTICULO 263. INVASION DE TIERRA O EDIFICACIONES,1
02/01/2021 12:00:00 AM,25,CUNDINAMARCA,25754,SOACHA,ARTICULO 263. INVASION DE TIERRA O EDIFICACIONES,1
02/03/2021 12:00:00 AM,25,CUNDINAMARCA,25745,SIMIJACA,ARTICULO 263. INVASION DE TIERRA O EDIFICACIONES,1
02/13/2021 12:00:00 AM,25,CUNDINAMARCA,25513,PACHO,ARTICULO 261. USURPACION DE TIERRAS,1
02/19/2021 12:00:00 AM,25,CUNDINAMARCA,25718,SASAIMA,ARTICULO 263. INVASION DE TIERRA O EDIFICACIONES,1
02/22/2021 12:00:00 AM,25,CUNDINAMARCA,25123,CACHIPAY,ARTICULO 261. USURPACION DE TIERRAS,1
02/22/2021 12:00:00 AM,25,CUNDINAMARCA,25322,GUASCA,ARTICULO 263. INVASION DE TIERRA O EDIFICACIONES,1
03/01/2021 12:00:00 AM,25,CUNDINAMARCA,25290,FUSAGASUGA,ARTICULO 261. USURPACION DE TIERRAS,1
03/02/2021 12:00:00 AM,25,CUNDINAMARCA,25290,FUSAGASUGA,ARTICULO 263. INVASION DE TIERRA O EDIFICACIONES,1
03/02/2021 12:00:00 AM,25,CUNDINAMARCA,25290,FUSAGASUGA,ARTICULO 263. INVASION DE TIERRA O EDIFICACIONES,1
03/03/2021 12:00:00 AM,25,CUNDINAMARCA,25175,CHIA,ARTICULO 261. USURPACION DE TIERRAS,1
03/05/2021 12:00:00 AM,25,CUNDINAMARCA,25126,CAJICA,ARTICULO 261. USURPACION DE TIERRAS,1
03/05/2021 12:00:00 AM,25,CUNDINAMARCA,25126,CAJICA,ARTICULO 263. INVASION DE TIERRA O EDIFICACIONES,1
03/09/2021 12:00:00 AM,25,CUNDINAMARCA,25035,ANAPOIMA,ARTICULO 263. INVASION DE TIERRA O EDIFICACIONES,1
03/09/2021 12:00:00 AM,25,CUNDINAMARCA,25875,VILLETA,ARTICULO 263. INVASION DE TIERRA O EDIFICACIONES,1
03/12/2021 12:00:00 AM,25,CUNDINAMARCA,25245,EL COLEGIO,ARTICULO 263. INVASION DE TIERRA O EDIFICACIONES,1
03/13/2021 12:00:00 AM,25,CUNDINAMARCA,25307,GIRARDOT,ARTICULO 263. INVASION DE TIERRA O EDIFICACIONES,1
03/13/2021 12:00:00 AM,25,CUNDINAMARCA,25815,TOCAIMA,ARTICULO 261. USURPACION DE TIERRAS,1
03/25/2021 12:00:00 AM,25,CUNDINAMARCA,25743,SILVANIA,ARTICULO 263. INVASION DE TIERRA O EDIFICACIONES,1
03/26/2021 12:00:00 AM,25,CUNDINAMARCA,25290,FUSAGASUGA,ARTICULO 263. INVASION DE TIERRA O EDIFICACIONES,1
04/05/2021 12:00:00 AM,25,CUNDINAMARCA,25377,LA CALERA,ARTICULO 261. USURPACION DE TIERRAS,1
04/05/2021 12:00:00 AM,25,CUNDINAMARCA,25513,PACHO,ARTICULO 263. INVASION DE TIERRA O EDIFICACIONES,1
04/14/2021 12:00:00 AM,25,CUNDINAMARCA,25148,CAPARRAPI,ARTICULO 263. INVASION DE TIERRA O EDIFICACIONES,1
04/15/2021 12:00:00 AM,25,CUNDINAMARCA,25612,RICAURTE,ARTICULO 263. INVASION DE TIERRA O EDIFICACIONES,1
04/15/2021 12:00:00 AM,25,CUNDINAMARCA,25754,SOACHA,ARTICULO 263. INVASION DE TIERRA O EDIFICACIONES,1
04/21/2021 12:00:00 AM,25,CUNDINAMARCA,25245,EL COLEGIO,ARTICULO 263. INVASION DE TIERRA O EDIFICACIONES,1
04/29/2021 12:00:00 AM,25,CUNDINAMARCA,25402,LA VEGA,ARTICULO 263. INVASION DE TIERRA O EDIFICACIONES,1
04/30/2021 12:00:00 AM,25,CUNDINAMARCA,25839,UBALA,ARTICULO 261. USURPACION DE TIERRAS,1
05/02/2021 12:00:00 AM,25,CUNDINAMARCA,25535,PASCA,ARTICULO 263. INVASION DE TIERRA O EDIFICACIONES,1
05/12/2021 12:00:00 AM,25,CUNDINAMARCA,25001,AGUA DE DIOS,ARTICULO 263. INVASION DE TIERRA O EDIFICACIONES,1
06/11/2021 12:00:00 AM,25,CUNDINAMARCA,25645,SAN ANTONIO DEL TEQUENDAMA,ARTICULO 263. INVASION DE TIERRA O EDIFICACIONES,1
06/14/2021 12:00:00 AM,25,CUNDINAMARCA,25214,COTA,ARTICULO 263. INVASION DE TIERRA O EDIFICACIONES,1
06/16/2021 12:00:00 AM,25,CUNDINAMARCA,25754,SOACHA,ARTICULO 263. INVASION DE TIERRA O EDIFICACIONES,1
06/16/2021 12:00:00 AM,25,CUNDINAMARCA,25772,SUESCA,ARTICULO 263. INVASION DE TIERRA O EDIFICACIONES,1
06/17/2021 12:00:00 AM,25,CUNDINAMARCA,25290,FUSAGASUGA,ARTICULO 263. INVASION DE TIERRA O EDIFICACIONES,1
06/18/2021 12:00:00 AM,25,CUNDINAMARCA,25269,FACATATIVA,ARTICULO 263. INVASION DE TIERRA O EDIFICACIONES,1
06/19/2021 12:00:00 AM,25,CUNDINAMARCA,25040,ANOLAIMA,ARTICULO 261. USURPACION DE TIERRAS,1
06/19/2021 12:00:00 AM,25,CUNDINAMARCA,25040,ANOLAIMA,ARTICULO 263. INVASION DE TIERRA O EDIFICACIONES,1
07/08/2021 12:00:00 AM,25,CUNDINAMARCA,25535,PASCA,ARTICULO 261. USURPACION DE TIERRAS,1
07/12/2021 12:00:00 AM,25,CUNDINAMARCA,25873,VILLAPINZON,ARTICULO 263. INVASION DE TIERRA O EDIFICACIONES,1
07/13/2021 12:00:00 AM,25,CUNDINAMARCA,25035,ANAPOIMA,ARTICULO 261. USURPACION DE TIERRAS,1
07/14/2021 12:00:00 AM,25,CUNDINAMARCA,25335,GUAYABETAL,ARTICULO 263. INVASION DE TIERRA O EDIFICACIONES,1
07/14/2021 12:00:00 AM,25,CUNDINAMARCA,25851,UTICA,ARTICULO 263. INVASION DE TIERRA O EDIFICACIONES,1
07/20/2021 12:00:00 AM,25,CUNDINAMARCA,25290,FUSAGASUGA,ARTICULO 261. USURPACION DE TIERRAS,1
07/26/2021 12:00:00 AM,25,CUNDINAMARCA,25040,ANOLAIMA,ARTICULO 263. INVASION DE TIERRA O EDIFICACIONES,1
07/29/2021 12:00:00 AM,25,CUNDINAMARCA,25843,VILLA DE SAN DIEGO DE UBATE,ARTICULO 261. USURPACION DE TIERRAS,1
08/01/2021 12:00:00 AM,25,CUNDINAMARCA,25326,GUATAVITA,ARTICULO 263. INVASION DE TIERRA O EDIFICACIONES,1
08/02/2021 12:00:00 AM,25,CUNDINAMARCA,25815,TOCAIMA,ARTICULO 263. INVASION DE TIERRA O EDIFICACIONES,1
08/09/2021 12:00:00 AM,25,CUNDINAMARCA,25328,GUAYABAL DE SIQUIMA,ARTICULO 263. INVASION DE TIERRA O EDIFICACIONES,1
08/10/2021 12:00:00 AM,25,CUNDINAMARCA,25815,TOCAIMA,ARTICULO 263. INVASION DE TIERRA O EDIFICACIONES,1
08/20/2021 12:00:00 AM,25,CUNDINAMARCA,25290,FUSAGASUGA,ARTICULO 263. INVASION DE TIERRA O EDIFICACIONES,1
08/20/2021 12:00:00 AM,25,CUNDINAMARCA,25797,TENA,ARTICULO 263. INVASION DE TIERRA O EDIFICACIONES,1
08/23/2021 12:00:00 AM,25,CUNDINAMARCA,25612,RICAURTE,ARTICULO 263. INVASION DE TIERRA O EDIFICACIONES,1
08/27/2021 12:00:00 AM,25,CUNDINAMARCA,25797,TENA,ARTICULO 263. INVASION DE TIERRA O EDIFICACIONES,1
08/29/2021 12:00:00 AM,25,CUNDINAMARCA,25168,CHAGUANI,ARTICULO 261. USURPACION DE TIERRAS,1
08/31/2021 12:00:00 AM,25,CUNDINAMARCA,25040,ANOLAIMA,ARTICULO 261. USURPACION DE TIERRAS,1
08/31/2021 12:00:00 AM,25,CUNDINAMARCA,25260,EL ROSAL,ARTICULO 263. INVASION DE TIERRA O EDIFICACIONES,1
09/03/2021 12:00:00 AM,25,CUNDINAMARCA,25754,SOACHA,ARTICULO 263. INVASION DE TIERRA O EDIFICACIONES,1
09/03/2021 12:00:00 AM,25,CUNDINAMARCA,25769,SUBACHOQUE,ARTICULO 261. USURPACION DE TIERRAS,1
09/04/2021 12:00:00 AM,25,CUNDINAMARCA,25805,TIBACUY,ARTICULO 263. INVASION DE TIERRA O EDIFICACIONES,1
09/13/2021 12:00:00 AM,25,CUNDINAMARCA,25779,SUSA,ARTICULO 263. INVASION DE TIERRA O EDIFICACIONES,1
09/14/2021 12:00:00 AM,25,CUNDINAMARCA,25524,PANDI,ARTICULO 261. USURPACION DE TIERRAS,1
09/14/2021 12:00:00 AM,25,CUNDINAMARCA,25718,SASAIMA,ARTICULO 261. USURPACION DE TIERRAS,1
09/25/2021 12:00:00 AM,25,CUNDINAMARCA,25019,ALBAN,ARTICULO 261. USURPACION DE TIERRAS,1
09/25/2021 12:00:00 AM,25,CUNDINAMARCA,25736,SESQUILE,ARTICULO 263. INVASION DE TIERRA O EDIFICACIONES,1
09/27/2021 12:00:00 AM,25,CUNDINAMARCA,25718,SASAIMA,ARTICULO 263. INVASION DE TIERRA O EDIFICACIONES,1
09/28/2021 12:00:00 AM,25,CUNDINAMARCA,25740,SIBATE,ARTICULO 261. USURPACION DE TIERRAS,1
10/01/2021 12:00:00 AM,25,CUNDINAMARCA,25743,SILVANIA,ARTICULO 263. INVASION DE TIERRA O EDIFICACIONES,1
10/01/2021 12:00:00 AM,25,CUNDINAMARCA,25815,TOCAIMA,ARTICULO 261. USURPACION DE TIERRAS,1
10/05/2021 12:00:00 AM,25,CUNDINAMARCA,25871,VILLAGOMEZ,ARTICULO 263. INVASION DE TIERRA O EDIFICACIONES,1
10/06/2021 12:00:00 AM,25,CUNDINAMARCA,25754,SOACHA,ARTICULO 263. INVASION DE TIERRA O EDIFICACIONES,1
10/12/2021 12:00:00 AM,25,CUNDINAMARCA,25878,VIOTA,ARTICULO 263. INVASION DE TIERRA O EDIFICACIONES,1
10/14/2021 12:00:00 AM,25,CUNDINAMARCA,25473,MOSQUERA,ARTICULO 261. USURPACION DE TIERRAS,1
10/18/2021 12:00:00 AM,25,CUNDINAMARCA,25438,MEDINA,ARTICULO 263. INVASION DE TIERRA O EDIFICACIONES,1
10/20/2021 12:00:00 AM,25,CUNDINAMARCA,25297,GACHETA,ARTICULO 261. USURPACION DE TIERRAS,1
10/20/2021 12:00:00 AM,25,CUNDINAMARCA,25743,SILVANIA,ARTICULO 263. INVASION DE TIERRA O EDIFICACIONES,1
10/21/2021 12:00:00 AM,25,CUNDINAMARCA,25486,NEMOCON,ARTICULO 261. USURPACION DE TIERRAS,1
10/26/2021 12:00:00 AM,25,CUNDINAMARCA,25386,LA MESA,ARTICULO 261. USURPACION DE TIERRAS,1
11/01/2021 12:00:00 AM,25,CUNDINAMARCA,25875,VILLETA,ARTICULO 261. USURPACION DE TIERRAS,1
11/08/2021 12:00:00 AM,25,CUNDINAMARCA,25307,GIRARDOT,ARTICULO 261. USURPACION DE TIERRAS,1
11/09/2021 12:00:00 AM,25,CUNDINAMARCA,25095,BITUIMA,ARTICULO 263. INVASION DE TIERRA O EDIFICACIONES,1
11/11/2021 12:00:00 AM,25,CUNDINAMARCA,25754,SOACHA,ARTICULO 263. INVASION DE TIERRA O EDIFICACIONES,1
11/13/2021 12:00:00 AM,25,CUNDINAMARCA,25506,VENECIA,ARTICULO 263. INVASION DE TIERRA O EDIFICACIONES,1
11/14/2021 12:00:00 AM,25,CUNDINAMARCA,25035,ANAPOIMA,ARTICULO 263. INVASION DE TIERRA O EDIFICACIONES,1
11/17/2021 12:00:00 AM,25,CUNDINAMARCA,25175,CHIA,ARTICULO 263. INVASION DE TIERRA O EDIFICACIONES,1
11/19/2021 12:00:00 AM,25,CUNDINAMARCA,25743,SILVANIA,ARTICULO 263. INVASION DE TIERRA O EDIFICACIONES,1
11/20/2021 12:00:00 AM,25,CUNDINAMARCA,25126,CAJICA,ARTICULO 263. INVASION DE TIERRA O EDIFICACIONES,1
11/23/2021 12:00:00 AM,25,CUNDINAMARCA,25754,SOACHA,ARTICULO 263. INVASION DE TIERRA O EDIFICACIONES,1
11/24/2021 12:00:00 AM,25,CUNDINAMARCA,25290,FUSAGASUGA,ARTICULO 261. USURPACION DE TIERRAS,1
11/24/2021 12:00:00 AM,25,CUNDINAMARCA,25843,VILLA DE SAN DIEGO DE UBATE,ARTICULO 261. USURPACION DE TIERRAS,1
11/26/2021 12:00:00 AM,25,CUNDINAMARCA,25307,GIRARDOT,ARTICULO 263. INVASION DE TIERRA O EDIFICACIONES,1
12/01/2021 12:00:00 AM,25,CUNDINAMARCA,25290,FUSAGASUGA,ARTICULO 261. USURPACION DE TIERRAS,1
12/01/2021 12:00:00 AM,25,CUNDINAMARCA,25290,FUSAGASUGA,ARTICULO 263. INVASION DE TIERRA O EDIFICACIONES,1
12/01/2021 12:00:00 AM,25,CUNDINAMARCA,25745,SIMIJACA,ARTICULO 263. INVASION DE TIERRA O EDIFICACIONES,1
12/01/2021 12:00:00 AM,25,CUNDINAMARCA,25754,SOACHA,ARTICULO 263. INVASION DE TIERRA O EDIFICACIONES,1
12/10/2021 12:00:00 AM,25,CUNDINAMARCA,25878,VIOTA,ARTICULO 263. INVASION DE TIERRA O EDIFICACIONES,1
12/13/2021 12:00:00 AM,25,CUNDINAMARCA,25807,TIBIRITA,ARTICULO 263. INVASION DE TIERRA O EDIFICACIONES,1
12/29/2021 12:00:00 AM,25,CUNDINAMARCA,25290,FUSAGASUGA,ARTICULO 263. INVASION DE TIERRA O EDIFICACIONES,1
01/03/2022 12:00:00 AM,25,CUNDINAMARCA,25572,PUERTO SALGAR,ARTICULO 263. INVASION DE TIERRA O EDIFICACIONES,1
01/17/2022 12:00:00 AM,25,CUNDINAMARCA,25322,GUASCA,ARTICULO 261. USURPACION DE TIERRAS,1
01/28/2022 12:00:00 AM,25,CUNDINAMARCA,25307,GIRARDOT,ARTICULO 263. INVASION DE TIERRA O EDIFICACIONES,1
01/29/2022 12:00:00 AM,25,CUNDINAMARCA,25599,APULO,ARTICULO 263. INVASION DE TIERRA O EDIFICACIONES,1
01/29/2022 12:00:00 AM,25,CUNDINAMARCA,25175,CHIA,ARTICULO 263. INVASION DE TIERRA O EDIFICACIONES,1
02/02/2022 12:00:00 AM,25,CUNDINAMARCA,25815,TOCAIMA,ARTICULO 263. INVASION DE TIERRA O EDIFICACIONES,1
02/05/2022 12:00:00 AM,25,CUNDINAMARCA,25599,APULO,ARTICULO 263. INVASION DE TIERRA O EDIFICACIONES,1
02/06/2022 12:00:00 AM,25,CUNDINAMARCA,25436,MANTA,ARTICULO 263. INVASION DE TIERRA O EDIFICACIONES,1
02/11/2022 12:00:00 AM,25,CUNDINAMARCA,25307,GIRARDOT,ARTICULO 263. INVASION DE TIERRA O EDIFICACIONES,1
02/11/2022 12:00:00 AM,25,CUNDINAMARCA,25815,TOCAIMA,ARTICULO 263. INVASION DE TIERRA O EDIFICACIONES,1
02/15/2022 12:00:00 AM,25,CUNDINAMARCA,25754,SOACHA,ARTICULO 263. INVASION DE TIERRA O EDIFICACIONES,1
02/17/2022 12:00:00 AM,25,CUNDINAMARCA,25740,SIBATE,ARTICULO 261. USURPACION DE TIERRAS,1
02/19/2022 12:00:00 AM,25,CUNDINAMARCA,25572,PUERTO SALGAR,ARTICULO 263. INVASION DE TIERRA O EDIFICACIONES,1
02/23/2022 12:00:00 AM,25,CUNDINAMARCA,25612,RICAURTE,ARTICULO 263. INVASION DE TIERRA O EDIFICACIONES,1
02/24/2022 12:00:00 AM,25,CUNDINAMARCA,25297,GACHETA,ARTICULO 263. INVASION DE TIERRA O EDIFICACIONES,1
02/26/2022 12:00:00 AM,25,CUNDINAMARCA,25845,UNE,ARTICULO 261. USURPACION DE TIERRAS,1
03/01/2022 12:00:00 AM,25,CUNDINAMARCA,25805,TIBACUY,ARTICULO 263. INVASION DE TIERRA O EDIFICACIONES,1
03/03/2022 12:00:00 AM,25,CUNDINAMARCA,25815,TOCAIMA,ARTICULO 263. INVASION DE TIERRA O EDIFICACIONES,1
03/07/2022 12:00:00 AM,25,CUNDINAMARCA,25805,TIBACUY,ARTICULO 263. INVASION DE TIERRA O EDIFICACIONES,1
03/08/2022 12:00:00 AM,25,CUNDINAMARCA,25754,SOACHA,ARTICULO 263. INVASION DE TIERRA O EDIFICACIONES,1
03/13/2022 12:00:00 AM,25,CUNDINAMARCA,25151,CAQUEZA,ARTICULO 261. USURPACION DE TIERRAS,1
03/13/2022 12:00:00 AM,25,CUNDINAMARCA,25151,CAQUEZA,ARTICULO 263. INVASION DE TIERRA O EDIFICACIONES,1
03/13/2022 12:00:00 AM,25,CUNDINAMARCA,25754,SOACHA,ARTICULO 263. INVASION DE TIERRA O EDIFICACIONES,1
03/23/2022 12:00:00 AM,25,CUNDINAMARCA,25175,CHIA,ARTICULO 263. INVASION DE TIERRA O EDIFICACIONES,1
03/25/2022 12:00:00 AM,25,CUNDINAMARCA,25307,GIRARDOT,ARTICULO 263. INVASION DE TIERRA O EDIFICACIONES,1
04/01/2022 12:00:00 AM,25,CUNDINAMARCA,25200,COGUA,ARTICULO 263. INVASION DE TIERRA O EDIFICACIONES,1
04/01/2022 12:00:00 AM,25,CUNDINAMARCA,25320,GUADUAS,ARTICULO 261. USURPACION DE TIERRAS,1
04/01/2022 12:00:00 AM,25,CUNDINAMARCA,25320,GUADUAS,ARTICULO 263. INVASION DE TIERRA O EDIFICACIONES,1
04/01/2022 12:00:00 AM,25,CUNDINAMARCA,25320,GUADUAS,ARTICULO 263. INVASION DE TIERRA O EDIFICACIONES,1
04/01/2022 12:00:00 AM,25,CUNDINAMARCA,25851,UTICA,ARTICULO 263. INVASION DE TIERRA O EDIFICACIONES,1
04/06/2022 12:00:00 AM,25,CUNDINAMARCA,25898,ZIPACON,ARTICULO 263. INVASION DE TIERRA O EDIFICACIONES,1
04/12/2022 12:00:00 AM,25,CUNDINAMARCA,25530,PARATEBUENO,ARTICULO 263. INVASION DE TIERRA O EDIFICACIONES,1
04/13/2022 12:00:00 AM,25,CUNDINAMARCA,25035,ANAPOIMA,ARTICULO 263. INVASION DE TIERRA O EDIFICACIONES,1
04/28/2022 12:00:00 AM,25,CUNDINAMARCA,25878,VIOTA,ARTICULO 263. INVASION DE TIERRA O EDIFICACIONES,1
05/01/2022 12:00:00 AM,25,CUNDINAMARCA,25175,CHIA,ARTICULO 263. INVASION DE TIERRA O EDIFICACIONES,1
05/01/2022 12:00:00 AM,25,CUNDINAMARCA,25718,SASAIMA,ARTICULO 263. INVASION DE TIERRA O EDIFICACIONES,1
05/04/2022 12:00:00 AM,25,CUNDINAMARCA,25035,ANAPOIMA,ARTICULO 261. USURPACION DE TIERRAS,1
05/05/2022 12:00:00 AM,25,CUNDINAMARCA,25307,GIRARDOT,ARTICULO 261. USURPACION DE TIERRAS,1
05/06/2022 12:00:00 AM,25,CUNDINAMARCA,25815,TOCAIMA,ARTICULO 263. INVASION DE TIERRA O EDIFICACIONES,1
05/07/2022 12:00:00 AM,25,CUNDINAMARCA,25281,FOSCA,ARTICULO 263. INVASION DE TIERRA O EDIFICACIONES,1
05/11/2022 12:00:00 AM,25,CUNDINAMARCA,25402,LA VEGA,ARTICULO 261. USURPACION DE TIERRAS,1
05/15/2022 12:00:00 AM,25,CUNDINAMARCA,25214,COTA,ARTICULO 263. INVASION DE TIERRA O EDIFICACIONES,1
05/16/2022 12:00:00 AM,25,CUNDINAMARCA,25286,FUNZA,ARTICULO 263. INVASION DE TIERRA O EDIFICACIONES,1
05/25/2022 12:00:00 AM,25,CUNDINAMARCA,25599,APULO,ARTICULO 263. INVASION DE TIERRA O EDIFICACIONES,1
06/02/2022 12:00:00 AM,25,CUNDINAMARCA,25815,TOCAIMA,ARTICULO 263. INVASION DE TIERRA O EDIFICACIONES,1
06/05/2022 12:00:00 AM,25,CUNDINAMARCA,25438,MEDINA,ARTICULO 261. USURPACION DE TIERRAS,1
06/06/2022 12:00:00 AM,25,CUNDINAMARCA,25473,MOSQUERA,ARTICULO 263. INVASION DE TIERRA O EDIFICACIONES,1
06/10/2022 12:00:00 AM,25,CUNDINAMARCA,25594,QUETAME,ARTICULO 261. USURPACION DE TIERRAS,1
06/18/2022 12:00:00 AM,25,CUNDINAMARCA,25486,NEMOCON,ARTICULO 263. INVASION DE TIERRA O EDIFICACIONES,1
06/18/2022 12:00:00 AM,25,CUNDINAMARCA,25486,NEMOCON,ARTICULO 263. INVASION DE TIERRA O EDIFICACIONES,1
07/01/2022 12:00:00 AM,25,CUNDINAMARCA,25718,SASAIMA,ARTICULO 263. INVASION DE TIERRA O EDIFICACIONES,1
07/07/2022 12:00:00 AM,25,CUNDINAMARCA,25878,VIOTA,ARTICULO 263. INVASION DE TIERRA O EDIFICACIONES,1
07/19/2022 12:00:00 AM,25,CUNDINAMARCA,25612,RICAURTE,ARTICULO 261. USURPACION DE TIERRAS,1
07/22/2022 12:00:00 AM,25,CUNDINAMARCA,25001,AGUA DE DIOS,ARTICULO 263. INVASION DE TIERRA O EDIFICACIONES,1
07/22/2022 12:00:00 AM,25,CUNDINAMARCA,25224,CUCUNUBA,ARTICULO 263. INVASION DE TIERRA O EDIFICACIONES,1
08/03/2022 12:00:00 AM,25,CUNDINAMARCA,25307,GIRARDOT,ARTICULO 261. USURPACION DE TIERRAS,1
08/07/2022 12:00:00 AM,25,CUNDINAMARCA,25126,CAJICA,ARTICULO 263. INVASION DE TIERRA O EDIFICACIONES,1
08/09/2022 12:00:00 AM,25,CUNDINAMARCA,25019,ALBAN,ARTICULO 263. INVASION DE TIERRA O EDIFICACIONES,1
08/09/2022 12:00:00 AM,25,CUNDINAMARCA,25019,ALBAN,ARTICULO 263. INVASION DE TIERRA O EDIFICACIONES,1
08/10/2022 12:00:00 AM,25,CUNDINAMARCA,25599,APULO,ARTICULO 263. INVASION DE TIERRA O EDIFICACIONES,1
08/13/2022 12:00:00 AM,25,CUNDINAMARCA,25754,SOACHA,ARTICULO 263. INVASION DE TIERRA O EDIFICACIONES,1
08/14/2022 12:00:00 AM,25,CUNDINAMARCA,25224,CUCUNUBA,ARTICULO 263. INVASION DE TIERRA O EDIFICACIONES,1
08/14/2022 12:00:00 AM,25,CUNDINAMARCA,25843,VILLA DE SAN DIEGO DE UBATE,ARTICULO 263. INVASION DE TIERRA O EDIFICACIONES,1
08/17/2022 12:00:00 AM,25,CUNDINAMARCA,25154,CARMEN DE CARUPA,ARTICULO 261. USURPACION DE TIERRAS,1
08/22/2022 12:00:00 AM,25,CUNDINAMARCA,25807,TIBIRITA,ARTICULO 261. USURPACION DE TIERRAS,1
08/26/2022 12:00:00 AM,25,CUNDINAMARCA,25288,FUQUENE,ARTICULO 263. INVASION DE TIERRA O EDIFICACIONES,1
08/28/2022 12:00:00 AM,25,CUNDINAMARCA,25754,SOACHA,ARTICULO 263. INVASION DE TIERRA O EDIFICACIONES,1
08/29/2022 12:00:00 AM,25,CUNDINAMARCA,25148,CAPARRAPI,ARTICULO 261. USURPACION DE TIERRAS,1
08/29/2022 12:00:00 AM,25,CUNDINAMARCA,25148,CAPARRAPI,ARTICULO 263. INVASION DE TIERRA O EDIFICACIONES,1
08/31/2022 12:00:00 AM,25,CUNDINAMARCA,25875,VILLETA,ARTICULO 261. USURPACION DE TIERRAS,1
09/02/2022 12:00:00 AM,25,CUNDINAMARCA,25269,FACATATIVA,ARTICULO 263. INVASION DE TIERRA O EDIFICACIONES,1
09/05/2022 12:00:00 AM,25,CUNDINAMARCA,25269,FACATATIVA,ARTICULO 261. USURPACION DE TIERRAS,1
09/12/2022 12:00:00 AM,25,CUNDINAMARCA,25754,SOACHA,ARTICULO 261. USURPACION DE TIERRAS,1
09/26/2022 12:00:00 AM,25,CUNDINAMARCA,25718,SASAIMA,ARTICULO 263. INVASION DE TIERRA O EDIFICACIONES,1
09/29/2022 12:00:00 AM,25,CUNDINAMARCA,25754,SOACHA,ARTICULO 263. INVASION DE TIERRA O EDIFICACIONES,1
10/06/2022 12:00:00 AM,25,CUNDINAMARCA,25245,EL COLEGIO,ARTICULO 261. USURPACION DE TIERRAS,1
10/10/2022 12:00:00 AM,25,CUNDINAMARCA,25224,CUCUNUBA,ARTICULO 263. INVASION DE TIERRA O EDIFICACIONES,1
10/11/2022 12:00:00 AM,25,CUNDINAMARCA,25488,NILO,ARTICULO 263. INVASION DE TIERRA O EDIFICACIONES,1
10/12/2022 12:00:00 AM,25,CUNDINAMARCA,25019,ALBAN,ARTICULO 263. INVASION DE TIERRA O EDIFICACIONES,1
10/14/2022 12:00:00 AM,25,CUNDINAMARCA,25269,FACATATIVA,ARTICULO 263. INVASION DE TIERRA O EDIFICACIONES,1
11/02/2022 12:00:00 AM,25,CUNDINAMARCA,25290,FUSAGASUGA,ARTICULO 263. INVASION DE TIERRA O EDIFICACIONES,1
11/03/2022 12:00:00 AM,25,CUNDINAMARCA,25307,GIRARDOT,ARTICULO 263. INVASION DE TIERRA O EDIFICACIONES,1
11/04/2022 12:00:00 AM,25,CUNDINAMARCA,25099,BOJACA,ARTICULO 261. USURPACION DE TIERRAS,1
11/05/2022 12:00:00 AM,25,CUNDINAMARCA,25662,SAN JUAN DE RIO SECO,ARTICULO 263. INVASION DE TIERRA O EDIFICACIONES,1
11/08/2022 12:00:00 AM,25,CUNDINAMARCA,25326,GUATAVITA,ARTICULO 261. USURPACION DE TIERRAS,1
11/09/2022 12:00:00 AM,25,CUNDINAMARCA,25040,ANOLAIMA,ARTICULO 261. USURPACION DE TIERRAS,1
11/13/2022 12:00:00 AM,25,CUNDINAMARCA,25224,CUCUNUBA,ARTICULO 263. INVASION DE TIERRA O EDIFICACIONES,1
11/14/2022 12:00:00 AM,25,CUNDINAMARCA,25312,GRANADA,ARTICULO 261. USURPACION DE TIERRAS,1
12/12/2022 12:00:00 AM,25,CUNDINAMARCA,25785,TABIO,ARTICULO 263. INVASION DE TIERRA O EDIFICACIONES,1
12/13/2022 12:00:00 AM,25,CUNDINAMARCA,25245,EL COLEGIO,ARTICULO 263. INVASION DE TIERRA O EDIFICACIONES,1
12/13/2022 12:00:00 AM,25,CUNDINAMARCA,25740,SIBATE,ARTICULO 263. INVASION DE TIERRA O EDIFICACIONES,1
12/16/2022 12:00:00 AM,25,CUNDINAMARCA,25612,RICAURTE,ARTICULO 263. INVASION DE TIERRA O EDIFICACIONES,1
12/26/2022 12:00:00 AM,25,CUNDINAMARCA,25805,TIBACUY,ARTICULO 263. INVASION DE TIERRA O EDIFICACIONES,1
01/02/2023 12:00:00 AM,25,CUNDINAMARCA,25596,QUIPILE,ARTICULO 263. INVASION DE TIERRA O EDIFICACIONES,1
01/10/2023 12:00:00 AM,25,CUNDINAMARCA,25743,SILVANIA,ARTICULO 261. USURPACION DE TIERRAS,1
01/14/2023 12:00:00 AM,25,CUNDINAMARCA,25875,VILLETA,ARTICULO 261. USURPACION DE TIERRAS,1
01/20/2023 12:00:00 AM,25,CUNDINAMARCA,25754,SOACHA,ARTICULO 263. INVASION DE TIERRA O EDIFICACIONES,1
01/27/2023 12:00:00 AM,25,CUNDINAMARCA,25754,SOACHA,ARTICULO 263. INVASION DE TIERRA O EDIFICACIONES,1
02/01/2023 12:00:00 AM,25,CUNDINAMARCA,25035,ANAPOIMA,ARTICULO 263. INVASION DE TIERRA O EDIFICACIONES,1
02/01/2023 12:00:00 AM,25,CUNDINAMARCA,25875,VILLETA,ARTICULO 261. USURPACION DE TIERRAS,1
02/02/2023 12:00:00 AM,25,CUNDINAMARCA,25290,FUSAGASUGA,ARTICULO 263. INVASION DE TIERRA O EDIFICACIONES,1
02/08/2023 12:00:00 AM,25,CUNDINAMARCA,25307,GIRARDOT,ARTICULO 263. INVASION DE TIERRA O EDIFICACIONES,1
02/13/2023 12:00:00 AM,25,CUNDINAMARCA,25307,GIRARDOT,ARTICULO 263. INVASION DE TIERRA O EDIFICACIONES,1
02/19/2023 12:00:00 AM,25,CUNDINAMARCA,25736,SESQUILE,ARTICULO 263. INVASION DE TIERRA O EDIFICACIONES,1
02/25/2023 12:00:00 AM,25,CUNDINAMARCA,25754,SOACHA,ARTICULO 263. INVASION DE TIERRA O EDIFICACIONES,1
02/26/2023 12:00:00 AM,25,CUNDINAMARCA,25815,TOCAIMA,ARTICULO 263. INVASION DE TIERRA O EDIFICACIONES,1
02/28/2023 12:00:00 AM,25,CUNDINAMARCA,25307,GIRARDOT,ARTICULO 263. INVASION DE TIERRA O EDIFICACIONES,1
03/01/2023 12:00:00 AM,25,CUNDINAMARCA,25402,LA VEGA,ARTICULO 263. INVASION DE TIERRA O EDIFICACIONES,1
03/02/2023 12:00:00 AM,25,CUNDINAMARCA,25123,CACHIPAY,ARTICULO 263. INVASION DE TIERRA O EDIFICACIONES,1
03/06/2023 12:00:00 AM,25,CUNDINAMARCA,25307,GIRARDOT,ARTICULO 263. INVASION DE TIERRA O EDIFICACIONES,1
03/15/2023 12:00:00 AM,25,CUNDINAMARCA,25372,JUNIN,ARTICULO 261. USURPACION DE TIERRAS,1
03/21/2023 12:00:00 AM,25,CUNDINAMARCA,25368,JERUSALEN,ARTICULO 263. INVASION DE TIERRA O EDIFICACIONES,1
03/23/2023 12:00:00 AM,25,CUNDINAMARCA,25320,GUADUAS,ARTICULO 263. INVASION DE TIERRA O EDIFICACIONES,1
03/29/2023 12:00:00 AM,25,CUNDINAMARCA,25307,GIRARDOT,ARTICULO 263. INVASION DE TIERRA O EDIFICACIONES,1
03/31/2023 12:00:00 AM,25,CUNDINAMARCA,25815,TOCAIMA,ARTICULO 263. INVASION DE TIERRA O EDIFICACIONES,1
04/03/2023 12:00:00 AM,25,CUNDINAMARCA,25754,SOACHA,ARTICULO 263. INVASION DE TIERRA O EDIFICACIONES,1
04/17/2023 12:00:00 AM,25,CUNDINAMARCA,25297,GACHETA,ARTICULO 261. USURPACION DE TIERRAS,1
04/26/2023 12:00:00 AM,25,CUNDINAMARCA,25290,FUSAGASUGA,ARTICULO 263. INVASION DE TIERRA O EDIFICACIONES,1
05/02/2023 12:00:00 AM,25,CUNDINAMARCA,25781,SUTATAUSA,ARTICULO 261. USURPACION DE TIERRAS,1
05/05/2023 12:00:00 AM,25,CUNDINAMARCA,25214,COTA,ARTICULO 263. INVASION DE TIERRA O EDIFICACIONES,1
05/11/2023 12:00:00 AM,25,CUNDINAMARCA,25290,FUSAGASUGA,ARTICULO 263. INVASION DE TIERRA O EDIFICACIONES,1
05/23/2023 12:00:00 AM,25,CUNDINAMARCA,25019,ALBAN,ARTICULO 263. INVASION DE TIERRA O EDIFICACIONES,1
05/28/2023 12:00:00 AM,25,CUNDINAMARCA,25290,FUSAGASUGA,ARTICULO 263. INVASION DE TIERRA O EDIFICACIONES,1
05/31/2023 12:00:00 AM,25,CUNDINAMARCA,25745,SIMIJACA,ARTICULO 261. USURPACION DE TIERRAS,1
06/03/2023 12:00:00 AM,25,CUNDINAMARCA,25322,GUASCA,ARTICULO 263. INVASION DE TIERRA O EDIFICACIONES,1
06/06/2023 12:00:00 AM,25,CUNDINAMARCA,25815,TOCAIMA,ARTICULO 263. INVASION DE TIERRA O EDIFICACIONES,1
06/09/2023 12:00:00 AM,25,CUNDINAMARCA,25473,MOSQUERA,ARTICULO 263. INVASION DE TIERRA O EDIFICACIONES,1
06/11/2023 12:00:00 AM,25,CUNDINAMARCA,25175,CHIA,ARTICULO 263. INVASION DE TIERRA O EDIFICACIONES,1
06/13/2023 12:00:00 AM,25,CUNDINAMARCA,25843,VILLA DE SAN DIEGO DE UBATE,ARTICULO 263. INVASION DE TIERRA O EDIFICACIONES,1
07/04/2023 12:00:00 AM,25,CUNDINAMARCA,25488,NILO,ARTICULO 263. INVASION DE TIERRA O EDIFICACIONES,1
07/05/2023 12:00:00 AM,25,CUNDINAMARCA,25307,GIRARDOT,ARTICULO 263. INVASION DE TIERRA O EDIFICACIONES,1
07/12/2023 12:00:00 AM,25,CUNDINAMARCA,25612,RICAURTE,ARTICULO 263. INVASION DE TIERRA O EDIFICACIONES,1
07/21/2023 12:00:00 AM,25,CUNDINAMARCA,25649,SAN BERNARDO,ARTICULO 263. INVASION DE TIERRA O EDIFICACIONES,1
07/24/2023 12:00:00 AM,25,CUNDINAMARCA,25754,SOACHA,ARTICULO 263. INVASION DE TIERRA O EDIFICACIONES,1
07/27/2023 12:00:00 AM,25,CUNDINAMARCA,25290,FUSAGASUGA,ARTICULO 263. INVASION DE TIERRA O EDIFICACIONES,1
07/28/2023 12:00:00 AM,25,CUNDINAMARCA,25430,MADRID,ARTICULO 263. INVASION DE TIERRA O EDIFICACIONES,1
08/04/2023 12:00:00 AM,25,CUNDINAMARCA,25875,VILLETA,ARTICULO 263. INVASION DE TIERRA O EDIFICACIONES,1
08/08/2023 12:00:00 AM,25,CUNDINAMARCA,25843,VILLA DE SAN DIEGO DE UBATE,ARTICULO 263. INVASION DE TIERRA O EDIFICACIONES,1
08/12/2023 12:00:00 AM,25,CUNDINAMARCA,25001,AGUA DE DIOS,ARTICULO 263. INVASION DE TIERRA O EDIFICACIONES,1
08/13/2023 12:00:00 AM,25,CUNDINAMARCA,25899,ZIPAQUIRA,ARTICULO 263. INVASION DE TIERRA O EDIFICACIONES,1
08/14/2023 12:00:00 AM,25,CUNDINAMARCA,25599,APULO,ARTICULO 263. INVASION DE TIERRA O EDIFICACIONES,1
09/04/2023 12:00:00 AM,25,CUNDINAMARCA,25486,NEMOCON,ARTICULO 261. USURPACION DE TIERRAS,1
09/12/2023 12:00:00 AM,25,CUNDINAMARCA,25377,LA CALERA,ARTICULO 261. USURPACION DE TIERRAS,1
09/13/2023 12:00:00 AM,25,CUNDINAMARCA,25743,SILVANIA,ARTICULO 263. INVASION DE TIERRA O EDIFICACIONES,1
09/18/2023 12:00:00 AM,25,CUNDINAMARCA,25645,SAN ANTONIO DEL TEQUENDAMA,ARTICULO 263. INVASION DE TIERRA O EDIFICACIONES,1
09/20/2023 12:00:00 AM,25,CUNDINAMARCA,25297,GACHETA,ARTICULO 263. INVASION DE TIERRA O EDIFICACIONES,1
09/22/2023 12:00:00 AM,25,CUNDINAMARCA,25175,CHIA,ARTICULO 263. INVASION DE TIERRA O EDIFICACIONES,1
09/28/2023 12:00:00 AM,25,CUNDINAMARCA,25290,FUSAGASUGA,ARTICULO 263. INVASION DE TIERRA O EDIFICACIONES,1
10/02/2023 12:00:00 AM,25,CUNDINAMARCA,25438,MEDINA,ARTICULO 263. INVASION DE TIERRA O EDIFICACIONES,1
10/06/2023 12:00:00 AM,25,CUNDINAMARCA,25815,TOCAIMA,ARTICULO 263. INVASION DE TIERRA O EDIFICACIONES,1
10/07/2023 12:00:00 AM,25,CUNDINAMARCA,25175,CHIA,ARTICULO 263. INVASION DE TIERRA O EDIFICACIONES,1
10/12/2023 12:00:00 AM,25,CUNDINAMARCA,25001,AGUA DE DIOS,ARTICULO 263. INVASION DE TIERRA O EDIFICACIONES,1
10/14/2023 12:00:00 AM,25,CUNDINAMARCA,25312,GRANADA,ARTICULO 263. INVASION DE TIERRA O EDIFICACIONES,1
10/20/2023 12:00:00 AM,25,CUNDINAMARCA,25754,SOACHA,ARTICULO 263. INVASION DE TIERRA O EDIFICACIONES,1
11/06/2023 12:00:00 AM,25,CUNDINAMARCA,25875,VILLETA,ARTICULO 261. USURPACION DE TIERRAS,1
11/13/2023 12:00:00 AM,25,CUNDINAMARCA,25769,SUBACHOQUE,ARTICULO 261. USURPACION DE TIERRAS,1
11/18/2023 12:00:00 AM,25,CUNDINAMARCA,25572,PUERTO SALGAR,ARTICULO 263. INVASION DE TIERRA O EDIFICACIONES,1
11/30/2023 12:00:00 AM,25,CUNDINAMARCA,25035,ANAPOIMA,ARTICULO 263. INVASION DE TIERRA O EDIFICACIONES,1
12/25/2023 12:00:00 AM,25,CUNDINAMARCA,25772,SUESCA,ARTICULO 263. INVASION DE TIERRA O EDIFICACIONES,1
01/02/2024 12:00:00 AM,25,CUNDINAMARCA,25377,LA CALERA,ARTÍCULO 263. INVASIÓN DE TIERRA O EDIFICACIONES,1
01/04/2024 12:00:00 AM,25,CUNDINAMARCA,25793,TAUSA,ARTÍCULO 261. USURPACIÓN DE TIERRAS,1
01/08/2024 12:00:00 AM,25,CUNDINAMARCA,25148,CAPARRAPI,ARTÍCULO 263. INVASIÓN DE TIERRA O EDIFICACIONES,1
01/09/2024 12:00:00 AM,25,CUNDINAMARCA,25483,NARIÑO,ARTÍCULO 263. INVASIÓN DE TIERRA O EDIFICACIONES,1
01/21/2024 12:00:00 AM,25,CUNDINAMARCA,25754,SOACHA,ARTÍCULO 263. INVASIÓN DE TIERRA O EDIFICACIONES,1
01/26/2024 12:00:00 AM,25,CUNDINAMARCA,25307,GIRARDOT,ARTÍCULO 263. INVASIÓN DE TIERRA O EDIFICACIONES,1
01/29/2024 12:00:00 AM,25,CUNDINAMARCA,25245,EL COLEGIO,ARTÍCULO 263. INVASIÓN DE TIERRA O EDIFICACIONES,1
02/07/2024 12:00:00 AM,25,CUNDINAMARCA,25743,SILVANIA,ARTÍCULO 263. INVASIÓN DE TIERRA O EDIFICACIONES,1
02/10/2024 12:00:00 AM,25,CUNDINAMARCA,25307,GIRARDOT,ARTÍCULO 263. INVASIÓN DE TIERRA O EDIFICACIONES,1
02/10/2024 12:00:00 AM,25,CUNDINAMARCA,25851,UTICA,ARTÍCULO 261. USURPACIÓN DE TIERRAS,1
02/17/2024 12:00:00 AM,25,CUNDINAMARCA,25123,CACHIPAY,ARTÍCULO 263. INVASIÓN DE TIERRA O EDIFICACIONES,1
02/24/2024 12:00:00 AM,25,CUNDINAMARCA,25754,SOACHA,ARTÍCULO 263. INVASIÓN DE TIERRA O EDIFICACIONES,1
02/26/2024 12:00:00 AM,25,CUNDINAMARCA,25743,SILVANIA,ARTÍCULO 263. INVASIÓN DE TIERRA O EDIFICACIONES,1
02/26/2024 12:00:00 AM,25,CUNDINAMARCA,25781,SUTATAUSA,ARTÍCULO 263. INVASIÓN DE TIERRA O EDIFICACIONES,1
02/29/2024 12:00:00 AM,25,CUNDINAMARCA,25286,FUNZA,ARTÍCULO 261. USURPACIÓN DE TIERRAS,1
03/05/2024 12:00:00 AM,25,CUNDINAMARCA,25599,APULO,ARTÍCULO 263. INVASIÓN DE TIERRA O EDIFICACIONES,1
03/06/2024 12:00:00 AM,25,CUNDINAMARCA,25839,UBALA,ARTÍCULO 263. INVASIÓN DE TIERRA O EDIFICACIONES,1
03/08/2024 12:00:00 AM,25,CUNDINAMARCA,25745,SIMIJACA,ARTÍCULO 261. USURPACIÓN DE TIERRAS,1
03/17/2024 12:00:00 AM,25,CUNDINAMARCA,25307,GIRARDOT,ARTÍCULO 263. INVASIÓN DE TIERRA O EDIFICACIONES,1
03/17/2024 12:00:00 AM,25,CUNDINAMARCA,25815,TOCAIMA,ARTÍCULO 263. INVASIÓN DE TIERRA O EDIFICACIONES,1
03/21/2024 12:00:00 AM,25,CUNDINAMARCA,25290,FUSAGASUGA,ARTÍCULO 263. INVASIÓN DE TIERRA O EDIFICACIONES,1
03/23/2024 12:00:00 AM,25,CUNDINAMARCA,25797,TENA,ARTÍCULO 263. INVASIÓN DE TIERRA O EDIFICACIONES,1
03/24/2024 12:00:00 AM,25,CUNDINAMARCA,25322,GUASCA,ARTÍCULO 263. INVASIÓN DE TIERRA O EDIFICACIONES,1
04/01/2024 12:00:00 AM,25,CUNDINAMARCA,25178,CHIPAQUE,ARTÍCULO 263. INVASIÓN DE TIERRA O EDIFICACIONES,1
04/05/2024 12:00:00 AM,25,CUNDINAMARCA,25488,NILO,ARTÍCULO 263. INVASIÓN DE TIERRA O EDIFICACIONES,1
04/09/2024 12:00:00 AM,25,CUNDINAMARCA,25745,SIMIJACA,ARTÍCULO 263. INVASIÓN DE TIERRA O EDIFICACIONES,1
04/10/2024 12:00:00 AM,25,CUNDINAMARCA,25843,VILLA DE SAN DIEGO DE UBATE,ARTÍCULO 261. USURPACIÓN DE TIERRAS,1
04/10/2024 12:00:00 AM,25,CUNDINAMARCA,25843,VILLA DE SAN DIEGO DE UBATE,ARTÍCULO 263. INVASIÓN DE TIERRA O EDIFICACIONES,1
04/12/2024 12:00:00 AM,25,CUNDINAMARCA,25260,EL ROSAL,ARTÍCULO 263. INVASIÓN DE TIERRA O EDIFICACIONES,1
04/14/2024 12:00:00 AM,25,CUNDINAMARCA,25377,LA CALERA,ARTÍCULO 263. INVASIÓN DE TIERRA O EDIFICACIONES,1
04/17/2024 12:00:00 AM,25,CUNDINAMARCA,25899,ZIPAQUIRA,ARTÍCULO 263. INVASIÓN DE TIERRA O EDIFICACIONES,1
04/19/2024 12:00:00 AM,25,CUNDINAMARCA,25754,SOACHA,ARTÍCULO 263. INVASIÓN DE TIERRA O EDIFICACIONES,1
04/20/2024 12:00:00 AM,25,CUNDINAMARCA,25297,GACHETA,ARTÍCULO 263. INVASIÓN DE TIERRA O EDIFICACIONES,1
04/23/2024 12:00:00 AM,25,CUNDINAMARCA,25612,RICAURTE,ARTÍCULO 263. INVASIÓN DE TIERRA O EDIFICACIONES,1
04/24/2024 12:00:00 AM,25,CUNDINAMARCA,25290,FUSAGASUGA,ARTÍCULO 263. INVASIÓN DE TIERRA O EDIFICACIONES,1
04/25/2024 12:00:00 AM,25,CUNDINAMARCA,25148,CAPARRAPI,ARTÍCULO 263. INVASIÓN DE TIERRA O EDIFICACIONES,1
04/29/2024 12:00:00 AM,25,CUNDINAMARCA,25535,PASCA,ARTÍCULO 263. INVASIÓN DE TIERRA O EDIFICACIONES,1
04/30/2024 12:00:00 AM,25,CUNDINAMARCA,25658,SAN FRANCISCO,ARTÍCULO 263. INVASIÓN DE TIERRA O EDIFICACIONES,1
04/30/2024 12:00:00 AM,25,CUNDINAMARCA,25662,SAN JUAN DE RIO SECO,ARTÍCULO 263. INVASIÓN DE TIERRA O EDIFICACIONES,1
05/02/2024 12:00:00 AM,25,CUNDINAMARCA,25123,CACHIPAY,ARTÍCULO 261. USURPACIÓN DE TIERRAS,1
05/02/2024 12:00:00 AM,25,CUNDINAMARCA,25851,UTICA,ARTÍCULO 261. USURPACIÓN DE TIERRAS,1
05/03/2024 12:00:00 AM,25,CUNDINAMARCA,25307,GIRARDOT,ARTÍCULO 263. INVASIÓN DE TIERRA O EDIFICACIONES,1
05/04/2024 12:00:00 AM,25,CUNDINAMARCA,25612,RICAURTE,ARTÍCULO 263. INVASIÓN DE TIERRA O EDIFICACIONES,1
05/07/2024 12:00:00 AM,25,CUNDINAMARCA,25488,NILO,ARTÍCULO 263. INVASIÓN DE TIERRA O EDIFICACIONES,1
05/09/2024 12:00:00 AM,25,CUNDINAMARCA,25815,TOCAIMA,ARTÍCULO 263. INVASIÓN DE TIERRA O EDIFICACIONES,1
05/10/2024 12:00:00 AM,25,CUNDINAMARCA,25099,BOJACA,ARTÍCULO 263. INVASIÓN DE TIERRA O EDIFICACIONES,1
05/15/2024 12:00:00 AM,25,CUNDINAMARCA,25368,JERUSALEN,ARTÍCULO 263. INVASIÓN DE TIERRA O EDIFICACIONES,1
05/17/2024 12:00:00 AM,25,CUNDINAMARCA,25488,NILO,ARTÍCULO 263. INVASIÓN DE TIERRA O EDIFICACIONES,1
06/05/2024 12:00:00 AM,25,CUNDINAMARCA,25200,COGUA,ARTÍCULO 263. INVASIÓN DE TIERRA O EDIFICACIONES,1
06/13/2024 12:00:00 AM,25,CUNDINAMARCA,25662,SAN JUAN DE RIO SECO,ARTÍCULO 263. INVASIÓN DE TIERRA O EDIFICACIONES,1
06/15/2024 12:00:00 AM,25,CUNDINAMARCA,25430,MADRID,ARTÍCULO 263. INVASIÓN DE TIERRA O EDIFICACIONES,1
06/24/2024 12:00:00 AM,25,CUNDINAMARCA,25599,APULO,ARTÍCULO 263. INVASIÓN DE TIERRA O EDIFICACIONES,1
06/24/2024 12:00:00 AM,25,CUNDINAMARCA,25181,CHOACHI,ARTÍCULO 263. INVASIÓN DE TIERRA O EDIFICACIONES,1
06/29/2024 12:00:00 AM,25,CUNDINAMARCA,25326,GUATAVITA,ARTÍCULO 261. USURPACIÓN DE TIERRAS,1
06/29/2024 12:00:00 AM,25,CUNDINAMARCA,25386,LA MESA,ARTÍCULO 263. INVASIÓN DE TIERRA O EDIFICACIONES,1
07/10/2024 12:00:00 AM,25,CUNDINAMARCA,25740,SIBATE,ARTÍCULO 263. INVASIÓN DE TIERRA O EDIFICACIONES,1
07/15/2024 12:00:00 AM,25,CUNDINAMARCA,25258,EL PEÑON,ARTÍCULO 263. INVASIÓN DE TIERRA O EDIFICACIONES,1
07/30/2024 12:00:00 AM,25,CUNDINAMARCA,25743,SILVANIA,ARTÍCULO 261. USURPACIÓN DE TIERRAS,1
08/01/2024 12:00:00 AM,25,CUNDINAMARCA,25402,LA VEGA,ARTÍCULO 261. USURPACIÓN DE TIERRAS,1
08/01/2024 12:00:00 AM,25,CUNDINAMARCA,25402,LA VEGA,ARTÍCULO 263. INVASIÓN DE TIERRA O EDIFICACIONES,1
08/09/2024 12:00:00 AM,25,CUNDINAMARCA,25785,TABIO,ARTÍCULO 263. INVASIÓN DE TIERRA O EDIFICACIONES,1
08/12/2024 12:00:00 AM,25,CUNDINAMARCA,25001,AGUA DE DIOS,ARTÍCULO 263. INVASIÓN DE TIERRA O EDIFICACIONES,1
08/17/2024 12:00:00 AM,25,CUNDINAMARCA,25386,LA MESA,ARTÍCULO 263. INVASIÓN DE TIERRA O EDIFICACIONES,1
08/21/2024 12:00:00 AM,25,CUNDINAMARCA,25245,EL COLEGIO,ARTÍCULO 263. INVASIÓN DE TIERRA O EDIFICACIONES,1
08/31/2024 12:00:00 AM,25,CUNDINAMARCA,25772,SUESCA,ARTÍCULO 263. INVASIÓN DE TIERRA O EDIFICACIONES,1
09/06/2024 12:00:00 AM,25,CUNDINAMARCA,25200,COGUA,ARTÍCULO 263. INVASIÓN DE TIERRA O EDIFICACIONES,1
09/11/2024 12:00:00 AM,25,CUNDINAMARCA,25151,CAQUEZA,ARTÍCULO 263. INVASIÓN DE TIERRA O EDIFICACIONES,1
09/12/2024 12:00:00 AM,25,CUNDINAMARCA,25845,UNE,ARTÍCULO 261. USURPACIÓN DE TIERRAS,1
09/26/2024 12:00:00 AM,25,CUNDINAMARCA,25491,NOCAIMA,ARTÍCULO 261. USURPACIÓN DE TIERRAS,1
09/29/2024 12:00:00 AM,25,CUNDINAMARCA,25307,GIRARDOT,ARTÍCULO 263. INVASIÓN DE TIERRA O EDIFICACIONES,1
10/01/2024 12:00:00 AM,25,CUNDINAMARCA,25322,GUASCA,ARTÍCULO 263. INVASIÓN DE TIERRA O EDIFICACIONES,1
10/09/2024 12:00:00 AM,25,CUNDINAMARCA,25307,GIRARDOT,ARTÍCULO 263. INVASIÓN DE TIERRA O EDIFICACIONES,1
10/25/2024 12:00:00 AM,25,CUNDINAMARCA,25572,PUERTO SALGAR,ARTÍCULO 263. INVASIÓN DE TIERRA O EDIFICACIONES,1
11/01/2024 12:00:00 AM,25,CUNDINAMARCA,25183,CHOCONTA,ARTÍCULO 263. INVASIÓN DE TIERRA O EDIFICACIONES,1
11/10/2024 12:00:00 AM,25,CUNDINAMARCA,25743,SILVANIA,ARTÍCULO 263. INVASIÓN DE TIERRA O EDIFICACIONES,1
11/18/2024 12:00:00 AM,25,CUNDINAMARCA,25885,YACOPI,ARTÍCULO 263. INVASIÓN DE TIERRA O EDIFICACIONES,1
11/26/2024 12:00:00 AM,25,CUNDINAMARCA,25491,NOCAIMA,ARTÍCULO 263. INVASIÓN DE TIERRA O EDIFICACIONES,1
12/02/2024 12:00:00 AM,25,CUNDINAMARCA,25322,GUASCA,ARTÍCULO 261. USURPACIÓN DE TIERRAS,1
12/02/2024 12:00:00 AM,25,CUNDINAMARCA,25743,SILVANIA,ARTÍCULO 263. INVASIÓN DE TIERRA O EDIFICACIONES,1
12/08/2024 12:00:00 AM,25,CUNDINAMARCA,25754,SOACHA,ARTÍCULO 263. INVASIÓN DE TIERRA O EDIFICACIONES,1
12/17/2024 12:00:00 AM,25,CUNDINAMARCA,25486,NEMOCON,ARTÍCULO 263. INVASIÓN DE TIERRA O EDIFICACIONES,1
12/18/2024 12:00:00 AM,25,CUNDINAMARCA,25183,CHOCONTA,ARTÍCULO 261. USURPACIÓN DE TIERRAS,1
12/25/2024 12:00:00 AM,25,CUNDINAMARCA,25754,SOACHA,ARTÍCULO 263. INVASIÓN DE TIERRA O EDIFICACIONES,1
